Puntuacion;idestudiante;area;;;;;;;;;;
72;10011001;Matematicas;;;74;10011001;Escritura;;;72;10011001;Lectura
69;10011002;Matematicas;;;88;10011002;Escritura;;;90;10011002;Lectura
90;10011003;Matematicas;;;93;10011003;Escritura;;;95;10011003;Lectura
47;10011004;Matematicas;;;44;10011004;Escritura;;;57;10011004;Lectura
76;10011005;Matematicas;;;75;10011005;Escritura;;;78;10011005;Lectura
71;10011006;Matematicas;;;78;10011006;Escritura;;;83;10011006;Lectura
88;10011007;Matematicas;;;92;10011007;Escritura;;;95;10011007;Lectura
40;10011008;Matematicas;;;39;10011008;Escritura;;;43;10011008;Lectura
64;10011009;Matematicas;;;67;10011009;Escritura;;;64;10011009;Lectura
38;10011010;Matematicas;;;50;10011010;Escritura;;;60;10011010;Lectura
58;10011011;Matematicas;;;52;10011011;Escritura;;;54;10011011;Lectura
40;10011012;Matematicas;;;43;10011012;Escritura;;;52;10011012;Lectura
65;10011013;Matematicas;;;73;10011013;Escritura;;;81;10011013;Lectura
78;10011014;Matematicas;;;70;10011014;Escritura;;;72;10011014;Lectura
50;10011015;Matematicas;;;58;10011015;Escritura;;;53;10011015;Lectura
69;10011016;Matematicas;;;78;10011016;Escritura;;;75;10011016;Lectura
88;10011017;Matematicas;;;86;10011017;Escritura;;;89;10011017;Lectura
18;10011018;Matematicas;;;28;10011018;Escritura;;;32;10011018;Lectura
46;10011019;Matematicas;;;46;10011019;Escritura;;;42;10011019;Lectura
54;10011020;Matematicas;;;61;10011020;Escritura;;;58;10011020;Lectura
66;10011021;Matematicas;;;63;10011021;Escritura;;;69;10011021;Lectura
65;10011022;Matematicas;;;70;10011022;Escritura;;;75;10011022;Lectura
44;10011023;Matematicas;;;53;10011023;Escritura;;;54;10011023;Lectura
69;10011024;Matematicas;;;73;10011024;Escritura;;;73;10011024;Lectura
74;10011025;Matematicas;;;80;10011025;Escritura;;;71;10011025;Lectura
73;10011026;Matematicas;;;72;10011026;Escritura;;;74;10011026;Lectura
69;10011027;Matematicas;;;55;10011027;Escritura;;;54;10011027;Lectura
67;10011028;Matematicas;;;75;10011028;Escritura;;;69;10011028;Lectura
70;10011029;Matematicas;;;65;10011029;Escritura;;;70;10011029;Lectura
62;10011030;Matematicas;;;75;10011030;Escritura;;;70;10011030;Lectura
69;10011031;Matematicas;;;74;10011031;Escritura;;;74;10011031;Lectura
63;10011032;Matematicas;;;61;10011032;Escritura;;;65;10011032;Lectura
56;10011033;Matematicas;;;65;10011033;Escritura;;;72;10011033;Lectura
40;10011034;Matematicas;;;38;10011034;Escritura;;;42;10011034;Lectura
97;10011035;Matematicas;;;82;10011035;Escritura;;;87;10011035;Lectura
81;10011036;Matematicas;;;79;10011036;Escritura;;;81;10011036;Lectura
74;10011037;Matematicas;;;83;10011037;Escritura;;;81;10011037;Lectura
50;10011038;Matematicas;;;59;10011038;Escritura;;;64;10011038;Lectura
75;10011039;Matematicas;;;88;10011039;Escritura;;;90;10011039;Lectura
57;10011040;Matematicas;;;57;10011040;Escritura;;;56;10011040;Lectura
55;10011041;Matematicas;;;54;10011041;Escritura;;;61;10011041;Lectura
58;10011042;Matematicas;;;68;10011042;Escritura;;;73;10011042;Lectura
53;10011043;Matematicas;;;65;10011043;Escritura;;;58;10011043;Lectura
59;10011044;Matematicas;;;66;10011044;Escritura;;;65;10011044;Lectura
50;10011045;Matematicas;;;54;10011045;Escritura;;;56;10011045;Lectura
65;10011046;Matematicas;;;57;10011046;Escritura;;;54;10011046;Lectura
55;10011047;Matematicas;;;62;10011047;Escritura;;;65;10011047;Lectura
66;10011048;Matematicas;;;76;10011048;Escritura;;;71;10011048;Lectura
57;10011049;Matematicas;;;76;10011049;Escritura;;;74;10011049;Lectura
82;10011050;Matematicas;;;82;10011050;Escritura;;;84;10011050;Lectura
53;10011051;Matematicas;;;48;10011051;Escritura;;;55;10011051;Lectura
77;10011052;Matematicas;;;68;10011052;Escritura;;;69;10011052;Lectura
53;10011053;Matematicas;;;42;10011053;Escritura;;;44;10011053;Lectura
88;10011054;Matematicas;;;75;10011054;Escritura;;;78;10011054;Lectura
71;10011055;Matematicas;;;87;10011055;Escritura;;;84;10011055;Lectura
33;10011056;Matematicas;;;43;10011056;Escritura;;;41;10011056;Lectura
82;10011057;Matematicas;;;86;10011057;Escritura;;;85;10011057;Lectura
52;10011058;Matematicas;;;49;10011058;Escritura;;;55;10011058;Lectura
58;10011059;Matematicas;;;58;10011059;Escritura;;;59;10011059;Lectura
0;10011060;Matematicas;;;10;10011060;Escritura;;;17;10011060;Lectura
79;10011061;Matematicas;;;72;10011061;Escritura;;;74;10011061;Lectura
39;10011062;Matematicas;;;34;10011062;Escritura;;;39;10011062;Lectura
62;10011063;Matematicas;;;55;10011063;Escritura;;;61;10011063;Lectura
69;10011064;Matematicas;;;71;10011064;Escritura;;;80;10011064;Lectura
59;10011065;Matematicas;;;59;10011065;Escritura;;;58;10011065;Lectura
67;10011066;Matematicas;;;61;10011066;Escritura;;;64;10011066;Lectura
45;10011067;Matematicas;;;37;10011067;Escritura;;;37;10011067;Lectura
60;10011068;Matematicas;;;74;10011068;Escritura;;;72;10011068;Lectura
61;10011069;Matematicas;;;56;10011069;Escritura;;;58;10011069;Lectura
39;10011070;Matematicas;;;57;10011070;Escritura;;;64;10011070;Lectura
58;10011071;Matematicas;;;73;10011071;Escritura;;;63;10011071;Lectura
63;10011072;Matematicas;;;63;10011072;Escritura;;;55;10011072;Lectura
41;10011073;Matematicas;;;48;10011073;Escritura;;;51;10011073;Lectura
61;10011074;Matematicas;;;56;10011074;Escritura;;;57;10011074;Lectura
49;10011075;Matematicas;;;41;10011075;Escritura;;;49;10011075;Lectura
44;10011076;Matematicas;;;38;10011076;Escritura;;;41;10011076;Lectura
30;10011077;Matematicas;;;22;10011077;Escritura;;;26;10011077;Lectura
80;10011078;Matematicas;;;81;10011078;Escritura;;;78;10011078;Lectura
61;10011079;Matematicas;;;72;10011079;Escritura;;;74;10011079;Lectura
62;10011080;Matematicas;;;68;10011080;Escritura;;;68;10011080;Lectura
47;10011081;Matematicas;;;50;10011081;Escritura;;;49;10011081;Lectura
49;10011082;Matematicas;;;45;10011082;Escritura;;;45;10011082;Lectura
50;10011083;Matematicas;;;54;10011083;Escritura;;;47;10011083;Lectura
72;10011084;Matematicas;;;63;10011084;Escritura;;;64;10011084;Lectura
42;10011085;Matematicas;;;34;10011085;Escritura;;;39;10011085;Lectura
73;10011086;Matematicas;;;82;10011086;Escritura;;;80;10011086;Lectura
76;10011087;Matematicas;;;88;10011087;Escritura;;;83;10011087;Lectura
71;10011088;Matematicas;;;74;10011088;Escritura;;;71;10011088;Lectura
58;10011089;Matematicas;;;67;10011089;Escritura;;;70;10011089;Lectura
73;10011090;Matematicas;;;82;10011090;Escritura;;;86;10011090;Lectura
65;10011091;Matematicas;;;74;10011091;Escritura;;;72;10011091;Lectura
27;10011092;Matematicas;;;36;10011092;Escritura;;;34;10011092;Lectura
71;10011093;Matematicas;;;71;10011093;Escritura;;;79;10011093;Lectura
43;10011094;Matematicas;;;50;10011094;Escritura;;;45;10011094;Lectura
79;10011095;Matematicas;;;92;10011095;Escritura;;;86;10011095;Lectura
78;10011096;Matematicas;;;82;10011096;Escritura;;;81;10011096;Lectura
65;10011097;Matematicas;;;62;10011097;Escritura;;;66;10011097;Lectura
63;10011098;Matematicas;;;70;10011098;Escritura;;;72;10011098;Lectura
58;10011099;Matematicas;;;62;10011099;Escritura;;;67;10011099;Lectura
65;10011100;Matematicas;;;62;10011100;Escritura;;;67;10011100;Lectura
79;10011101;Matematicas;;;67;10011101;Escritura;;;67;10011101;Lectura
68;10011102;Matematicas;;;74;10011102;Escritura;;;74;10011102;Lectura
85;10011103;Matematicas;;;89;10011103;Escritura;;;91;10011103;Lectura
60;10011104;Matematicas;;;47;10011104;Escritura;;;44;10011104;Lectura
98;10011105;Matematicas;;;90;10011105;Escritura;;;86;10011105;Lectura
58;10011106;Matematicas;;;72;10011106;Escritura;;;67;10011106;Lectura
87;10011107;Matematicas;;;100;10011107;Escritura;;;100;10011107;Lectura
66;10011108;Matematicas;;;64;10011108;Escritura;;;63;10011108;Lectura
52;10011109;Matematicas;;;70;10011109;Escritura;;;76;10011109;Lectura
70;10011110;Matematicas;;;72;10011110;Escritura;;;64;10011110;Lectura
77;10011111;Matematicas;;;98;10011111;Escritura;;;89;10011111;Lectura
62;10011112;Matematicas;;;49;10011112;Escritura;;;55;10011112;Lectura
54;10011113;Matematicas;;;47;10011113;Escritura;;;53;10011113;Lectura
51;10011114;Matematicas;;;54;10011114;Escritura;;;58;10011114;Lectura
99;10011115;Matematicas;;;100;10011115;Escritura;;;100;10011115;Lectura
84;10011116;Matematicas;;;74;10011116;Escritura;;;77;10011116;Lectura
75;10011117;Matematicas;;;82;10011117;Escritura;;;85;10011117;Lectura
78;10011118;Matematicas;;;79;10011118;Escritura;;;82;10011118;Lectura
51;10011119;Matematicas;;;61;10011119;Escritura;;;63;10011119;Lectura
55;10011120;Matematicas;;;65;10011120;Escritura;;;69;10011120;Lectura
79;10011121;Matematicas;;;89;10011121;Escritura;;;92;10011121;Lectura
91;10011122;Matematicas;;;92;10011122;Escritura;;;89;10011122;Lectura
88;10011123;Matematicas;;;93;10011123;Escritura;;;93;10011123;Lectura
63;10011124;Matematicas;;;56;10011124;Escritura;;;57;10011124;Lectura
83;10011125;Matematicas;;;73;10011125;Escritura;;;80;10011125;Lectura
87;10011126;Matematicas;;;86;10011126;Escritura;;;95;10011126;Lectura
72;10011127;Matematicas;;;67;10011127;Escritura;;;68;10011127;Lectura
65;10011128;Matematicas;;;74;10011128;Escritura;;;77;10011128;Lectura
82;10011129;Matematicas;;;74;10011129;Escritura;;;82;10011129;Lectura
51;10011130;Matematicas;;;51;10011130;Escritura;;;49;10011130;Lectura
89;10011131;Matematicas;;;82;10011131;Escritura;;;84;10011131;Lectura
53;10011132;Matematicas;;;40;10011132;Escritura;;;37;10011132;Lectura
87;10011133;Matematicas;;;70;10011133;Escritura;;;74;10011133;Lectura
75;10011134;Matematicas;;;84;10011134;Escritura;;;81;10011134;Lectura
74;10011135;Matematicas;;;75;10011135;Escritura;;;79;10011135;Lectura
58;10011136;Matematicas;;;48;10011136;Escritura;;;55;10011136;Lectura
51;10011137;Matematicas;;;41;10011137;Escritura;;;54;10011137;Lectura
70;10011138;Matematicas;;;56;10011138;Escritura;;;55;10011138;Lectura
59;10011139;Matematicas;;;67;10011139;Escritura;;;66;10011139;Lectura
71;10011140;Matematicas;;;69;10011140;Escritura;;;61;10011140;Lectura
76;10011141;Matematicas;;;71;10011141;Escritura;;;72;10011141;Lectura
59;10011142;Matematicas;;;64;10011142;Escritura;;;62;10011142;Lectura
42;10011143;Matematicas;;;54;10011143;Escritura;;;55;10011143;Lectura
57;10011144;Matematicas;;;47;10011144;Escritura;;;43;10011144;Lectura
88;10011145;Matematicas;;;78;10011145;Escritura;;;73;10011145;Lectura
22;10011146;Matematicas;;;33;10011146;Escritura;;;39;10011146;Lectura
88;10011147;Matematicas;;;75;10011147;Escritura;;;84;10011147;Lectura
73;10011148;Matematicas;;;66;10011148;Escritura;;;68;10011148;Lectura
68;10011149;Matematicas;;;81;10011149;Escritura;;;75;10011149;Lectura
100;10011150;Matematicas;;;93;10011150;Escritura;;;100;10011150;Lectura
62;10011151;Matematicas;;;69;10011151;Escritura;;;67;10011151;Lectura
77;10011152;Matematicas;;;68;10011152;Escritura;;;67;10011152;Lectura
59;10011153;Matematicas;;;66;10011153;Escritura;;;70;10011153;Lectura
54;10011154;Matematicas;;;47;10011154;Escritura;;;49;10011154;Lectura
62;10011155;Matematicas;;;61;10011155;Escritura;;;67;10011155;Lectura
70;10011156;Matematicas;;;88;10011156;Escritura;;;89;10011156;Lectura
66;10011157;Matematicas;;;78;10011157;Escritura;;;74;10011157;Lectura
60;10011158;Matematicas;;;60;10011158;Escritura;;;60;10011158;Lectura
61;10011159;Matematicas;;;87;10011159;Escritura;;;86;10011159;Lectura
66;10011160;Matematicas;;;64;10011160;Escritura;;;62;10011160;Lectura
82;10011161;Matematicas;;;74;10011161;Escritura;;;78;10011161;Lectura
75;10011162;Matematicas;;;85;10011162;Escritura;;;88;10011162;Lectura
49;10011163;Matematicas;;;52;10011163;Escritura;;;53;10011163;Lectura
52;10011164;Matematicas;;;49;10011164;Escritura;;;53;10011164;Lectura
81;10011165;Matematicas;;;91;10011165;Escritura;;;92;10011165;Lectura
96;10011166;Matematicas;;;100;10011166;Escritura;;;100;10011166;Lectura
53;10011167;Matematicas;;;51;10011167;Escritura;;;51;10011167;Lectura
58;10011168;Matematicas;;;78;10011168;Escritura;;;76;10011168;Lectura
68;10011169;Matematicas;;;78;10011169;Escritura;;;83;10011169;Lectura
67;10011170;Matematicas;;;70;10011170;Escritura;;;75;10011170;Lectura
72;10011171;Matematicas;;;74;10011171;Escritura;;;73;10011171;Lectura
94;10011172;Matematicas;;;78;10011172;Escritura;;;88;10011172;Lectura
79;10011173;Matematicas;;;81;10011173;Escritura;;;86;10011173;Lectura
63;10011174;Matematicas;;;70;10011174;Escritura;;;67;10011174;Lectura
43;10011175;Matematicas;;;54;10011175;Escritura;;;51;10011175;Lectura
81;10011176;Matematicas;;;87;10011176;Escritura;;;91;10011176;Lectura
46;10011177;Matematicas;;;58;10011177;Escritura;;;54;10011177;Lectura
71;10011178;Matematicas;;;77;10011178;Escritura;;;77;10011178;Lectura
52;10011179;Matematicas;;;62;10011179;Escritura;;;70;10011179;Lectura
97;10011180;Matematicas;;;100;10011180;Escritura;;;100;10011180;Lectura
62;10011181;Matematicas;;;75;10011181;Escritura;;;68;10011181;Lectura
46;10011182;Matematicas;;;66;10011182;Escritura;;;64;10011182;Lectura
50;10011183;Matematicas;;;47;10011183;Escritura;;;50;10011183;Lectura
65;10011184;Matematicas;;;70;10011184;Escritura;;;69;10011184;Lectura
45;10011185;Matematicas;;;49;10011185;Escritura;;;52;10011185;Lectura
65;10011186;Matematicas;;;65;10011186;Escritura;;;67;10011186;Lectura
80;10011187;Matematicas;;;65;10011187;Escritura;;;76;10011187;Lectura
62;10011188;Matematicas;;;68;10011188;Escritura;;;66;10011188;Lectura
48;10011189;Matematicas;;;45;10011189;Escritura;;;52;10011189;Lectura
77;10011190;Matematicas;;;87;10011190;Escritura;;;88;10011190;Lectura
66;10011191;Matematicas;;;69;10011191;Escritura;;;65;10011191;Lectura
76;10011192;Matematicas;;;79;10011192;Escritura;;;83;10011192;Lectura
62;10011193;Matematicas;;;66;10011193;Escritura;;;64;10011193;Lectura
77;10011194;Matematicas;;;62;10011194;Escritura;;;62;10011194;Lectura
69;10011195;Matematicas;;;85;10011195;Escritura;;;84;10011195;Lectura
61;10011196;Matematicas;;;52;10011196;Escritura;;;55;10011196;Lectura
59;10011197;Matematicas;;;65;10011197;Escritura;;;69;10011197;Lectura
55;10011198;Matematicas;;;51;10011198;Escritura;;;56;10011198;Lectura
45;10011199;Matematicas;;;55;10011199;Escritura;;;53;10011199;Lectura
78;10011200;Matematicas;;;76;10011200;Escritura;;;79;10011200;Lectura
67;10011201;Matematicas;;;86;10011201;Escritura;;;84;10011201;Lectura
65;10011202;Matematicas;;;77;10011202;Escritura;;;81;10011202;Lectura
69;10011203;Matematicas;;;69;10011203;Escritura;;;77;10011203;Lectura
57;10011204;Matematicas;;;68;10011204;Escritura;;;69;10011204;Lectura
59;10011205;Matematicas;;;42;10011205;Escritura;;;41;10011205;Lectura
74;10011206;Matematicas;;;78;10011206;Escritura;;;71;10011206;Lectura
82;10011207;Matematicas;;;62;10011207;Escritura;;;62;10011207;Lectura
81;10011208;Matematicas;;;76;10011208;Escritura;;;80;10011208;Lectura
74;10011209;Matematicas;;;76;10011209;Escritura;;;81;10011209;Lectura
58;10011210;Matematicas;;;66;10011210;Escritura;;;61;10011210;Lectura
80;10011211;Matematicas;;;79;10011211;Escritura;;;79;10011211;Lectura
35;10011212;Matematicas;;;27;10011212;Escritura;;;28;10011212;Lectura
42;10011213;Matematicas;;;60;10011213;Escritura;;;62;10011213;Lectura
60;10011214;Matematicas;;;56;10011214;Escritura;;;51;10011214;Lectura
87;10011215;Matematicas;;;81;10011215;Escritura;;;91;10011215;Lectura
84;10011216;Matematicas;;;75;10011216;Escritura;;;83;10011216;Lectura
83;10011217;Matematicas;;;88;10011217;Escritura;;;86;10011217;Lectura
34;10011218;Matematicas;;;39;10011218;Escritura;;;42;10011218;Lectura
66;10011219;Matematicas;;;70;10011219;Escritura;;;77;10011219;Lectura
61;10011220;Matematicas;;;56;10011220;Escritura;;;56;10011220;Lectura
56;10011221;Matematicas;;;74;10011221;Escritura;;;68;10011221;Lectura
87;10011222;Matematicas;;;73;10011222;Escritura;;;85;10011222;Lectura
55;10011223;Matematicas;;;62;10011223;Escritura;;;65;10011223;Lectura
86;10011224;Matematicas;;;75;10011224;Escritura;;;80;10011224;Lectura
52;10011225;Matematicas;;;73;10011225;Escritura;;;66;10011225;Lectura
45;10011226;Matematicas;;;54;10011226;Escritura;;;56;10011226;Lectura
72;10011227;Matematicas;;;71;10011227;Escritura;;;72;10011227;Lectura
57;10011228;Matematicas;;;54;10011228;Escritura;;;50;10011228;Lectura
68;10011229;Matematicas;;;64;10011229;Escritura;;;72;10011229;Lectura
88;10011230;Matematicas;;;94;10011230;Escritura;;;95;10011230;Lectura
76;10011231;Matematicas;;;66;10011231;Escritura;;;64;10011231;Lectura
46;10011232;Matematicas;;;42;10011232;Escritura;;;43;10011232;Lectura
67;10011233;Matematicas;;;83;10011233;Escritura;;;86;10011233;Lectura
92;10011234;Matematicas;;;78;10011234;Escritura;;;87;10011234;Lectura
83;10011235;Matematicas;;;84;10011235;Escritura;;;82;10011235;Lectura
80;10011236;Matematicas;;;77;10011236;Escritura;;;75;10011236;Lectura
63;10011237;Matematicas;;;67;10011237;Escritura;;;66;10011237;Lectura
64;10011238;Matematicas;;;74;10011238;Escritura;;;60;10011238;Lectura
54;10011239;Matematicas;;;51;10011239;Escritura;;;52;10011239;Lectura
84;10011240;Matematicas;;;80;10011240;Escritura;;;80;10011240;Lectura
73;10011241;Matematicas;;;66;10011241;Escritura;;;68;10011241;Lectura
80;10011242;Matematicas;;;83;10011242;Escritura;;;83;10011242;Lectura
56;10011243;Matematicas;;;55;10011243;Escritura;;;52;10011243;Lectura
59;10011244;Matematicas;;;43;10011244;Escritura;;;51;10011244;Lectura
75;10011245;Matematicas;;;69;10011245;Escritura;;;74;10011245;Lectura
85;10011246;Matematicas;;;71;10011246;Escritura;;;76;10011246;Lectura
89;10011247;Matematicas;;;74;10011247;Escritura;;;76;10011247;Lectura
58;10011248;Matematicas;;;68;10011248;Escritura;;;70;10011248;Lectura
65;10011249;Matematicas;;;62;10011249;Escritura;;;64;10011249;Lectura
68;10011250;Matematicas;;;53;10011250;Escritura;;;60;10011250;Lectura
47;10011251;Matematicas;;;49;10011251;Escritura;;;49;10011251;Lectura
71;10011252;Matematicas;;;83;10011252;Escritura;;;83;10011252;Lectura
60;10011253;Matematicas;;;70;10011253;Escritura;;;70;10011253;Lectura
80;10011254;Matematicas;;;72;10011254;Escritura;;;80;10011254;Lectura
54;10011255;Matematicas;;;52;10011255;Escritura;;;52;10011255;Lectura
62;10011256;Matematicas;;;70;10011256;Escritura;;;73;10011256;Lectura
64;10011257;Matematicas;;;68;10011257;Escritura;;;73;10011257;Lectura
78;10011258;Matematicas;;;77;10011258;Escritura;;;77;10011258;Lectura
70;10011259;Matematicas;;;78;10011259;Escritura;;;75;10011259;Lectura
65;10011260;Matematicas;;;81;10011260;Escritura;;;81;10011260;Lectura
64;10011261;Matematicas;;;77;10011261;Escritura;;;79;10011261;Lectura
79;10011262;Matematicas;;;78;10011262;Escritura;;;79;10011262;Lectura
44;10011263;Matematicas;;;51;10011263;Escritura;;;50;10011263;Lectura
99;10011264;Matematicas;;;90;10011264;Escritura;;;93;10011264;Lectura
76;10011265;Matematicas;;;68;10011265;Escritura;;;73;10011265;Lectura
59;10011266;Matematicas;;;41;10011266;Escritura;;;42;10011266;Lectura
63;10011267;Matematicas;;;81;10011267;Escritura;;;75;10011267;Lectura
69;10011268;Matematicas;;;77;10011268;Escritura;;;72;10011268;Lectura
88;10011269;Matematicas;;;95;10011269;Escritura;;;92;10011269;Lectura
71;10011270;Matematicas;;;70;10011270;Escritura;;;76;10011270;Lectura
69;10011271;Matematicas;;;61;10011271;Escritura;;;63;10011271;Lectura
58;10011272;Matematicas;;;42;10011272;Escritura;;;49;10011272;Lectura
47;10011273;Matematicas;;;58;10011273;Escritura;;;53;10011273;Lectura
65;10011274;Matematicas;;;71;10011274;Escritura;;;70;10011274;Lectura
88;10011275;Matematicas;;;76;10011275;Escritura;;;85;10011275;Lectura
83;10011276;Matematicas;;;73;10011276;Escritura;;;78;10011276;Lectura
85;10011277;Matematicas;;;93;10011277;Escritura;;;92;10011277;Lectura
59;10011278;Matematicas;;;75;10011278;Escritura;;;63;10011278;Lectura
65;10011279;Matematicas;;;80;10011279;Escritura;;;86;10011279;Lectura
73;10011280;Matematicas;;;57;10011280;Escritura;;;56;10011280;Lectura
53;10011281;Matematicas;;;42;10011281;Escritura;;;52;10011281;Lectura
45;10011282;Matematicas;;;46;10011282;Escritura;;;48;10011282;Lectura
73;10011283;Matematicas;;;84;10011283;Escritura;;;79;10011283;Lectura
70;10011284;Matematicas;;;78;10011284;Escritura;;;78;10011284;Lectura
37;10011285;Matematicas;;;46;10011285;Escritura;;;46;10011285;Lectura
81;10011286;Matematicas;;;82;10011286;Escritura;;;82;10011286;Lectura
97;10011287;Matematicas;;;88;10011287;Escritura;;;82;10011287;Lectura
67;10011288;Matematicas;;;82;10011288;Escritura;;;89;10011288;Lectura
88;10011289;Matematicas;;;76;10011289;Escritura;;;75;10011289;Lectura
77;10011290;Matematicas;;;77;10011290;Escritura;;;76;10011290;Lectura
76;10011291;Matematicas;;;68;10011291;Escritura;;;70;10011291;Lectura
86;10011292;Matematicas;;;70;10011292;Escritura;;;73;10011292;Lectura
63;10011293;Matematicas;;;57;10011293;Escritura;;;60;10011293;Lectura
65;10011294;Matematicas;;;75;10011294;Escritura;;;73;10011294;Lectura
78;10011295;Matematicas;;;80;10011295;Escritura;;;77;10011295;Lectura
67;10011296;Matematicas;;;60;10011296;Escritura;;;62;10011296;Lectura
46;10011297;Matematicas;;;43;10011297;Escritura;;;41;10011297;Lectura
71;10011298;Matematicas;;;68;10011298;Escritura;;;74;10011298;Lectura
40;10011299;Matematicas;;;50;10011299;Escritura;;;46;10011299;Lectura
90;10011300;Matematicas;;;75;10011300;Escritura;;;87;10011300;Lectura
81;10011301;Matematicas;;;81;10011301;Escritura;;;78;10011301;Lectura
56;10011302;Matematicas;;;52;10011302;Escritura;;;54;10011302;Lectura
67;10011303;Matematicas;;;81;10011303;Escritura;;;84;10011303;Lectura
80;10011304;Matematicas;;;64;10011304;Escritura;;;76;10011304;Lectura
74;10011305;Matematicas;;;83;10011305;Escritura;;;75;10011305;Lectura
69;10011306;Matematicas;;;69;10011306;Escritura;;;67;10011306;Lectura
99;10011307;Matematicas;;;81;10011307;Escritura;;;87;10011307;Lectura
51;10011308;Matematicas;;;44;10011308;Escritura;;;52;10011308;Lectura
53;10011309;Matematicas;;;67;10011309;Escritura;;;71;10011309;Lectura
49;10011310;Matematicas;;;52;10011310;Escritura;;;57;10011310;Lectura
73;10011311;Matematicas;;;80;10011311;Escritura;;;76;10011311;Lectura
66;10011312;Matematicas;;;57;10011312;Escritura;;;60;10011312;Lectura
67;10011313;Matematicas;;;68;10011313;Escritura;;;61;10011313;Lectura
68;10011314;Matematicas;;;69;10011314;Escritura;;;67;10011314;Lectura
59;10011315;Matematicas;;;75;10011315;Escritura;;;64;10011315;Lectura
71;10011316;Matematicas;;;65;10011316;Escritura;;;66;10011316;Lectura
77;10011317;Matematicas;;;91;10011317;Escritura;;;82;10011317;Lectura
83;10011318;Matematicas;;;78;10011318;Escritura;;;72;10011318;Lectura
63;10011319;Matematicas;;;69;10011319;Escritura;;;71;10011319;Lectura
56;10011320;Matematicas;;;63;10011320;Escritura;;;65;10011320;Lectura
67;10011321;Matematicas;;;84;10011321;Escritura;;;79;10011321;Lectura
75;10011322;Matematicas;;;79;10011322;Escritura;;;86;10011322;Lectura
71;10011323;Matematicas;;;80;10011323;Escritura;;;81;10011323;Lectura
43;10011324;Matematicas;;;53;10011324;Escritura;;;53;10011324;Lectura
41;10011325;Matematicas;;;43;10011325;Escritura;;;46;10011325;Lectura
82;10011326;Matematicas;;;94;10011326;Escritura;;;90;10011326;Lectura
61;10011327;Matematicas;;;62;10011327;Escritura;;;61;10011327;Lectura
28;10011328;Matematicas;;;19;10011328;Escritura;;;23;10011328;Lectura
82;10011329;Matematicas;;;77;10011329;Escritura;;;75;10011329;Lectura
41;10011330;Matematicas;;;51;10011330;Escritura;;;55;10011330;Lectura
71;10011331;Matematicas;;;61;10011331;Escritura;;;60;10011331;Lectura
47;10011332;Matematicas;;;35;10011332;Escritura;;;37;10011332;Lectura
62;10011333;Matematicas;;;53;10011333;Escritura;;;56;10011333;Lectura
90;10011334;Matematicas;;;81;10011334;Escritura;;;78;10011334;Lectura
83;10011335;Matematicas;;;95;10011335;Escritura;;;93;10011335;Lectura
61;10011336;Matematicas;;;66;10011336;Escritura;;;68;10011336;Lectura
76;10011337;Matematicas;;;69;10011337;Escritura;;;70;10011337;Lectura
49;10011338;Matematicas;;;43;10011338;Escritura;;;51;10011338;Lectura
24;10011339;Matematicas;;;27;10011339;Escritura;;;38;10011339;Lectura
35;10011340;Matematicas;;;60;10011340;Escritura;;;55;10011340;Lectura
58;10011341;Matematicas;;;52;10011341;Escritura;;;61;10011341;Lectura
61;10011342;Matematicas;;;63;10011342;Escritura;;;73;10011342;Lectura
69;10011343;Matematicas;;;74;10011343;Escritura;;;76;10011343;Lectura
67;10011344;Matematicas;;;67;10011344;Escritura;;;72;10011344;Lectura
79;10011345;Matematicas;;;67;10011345;Escritura;;;73;10011345;Lectura
72;10011346;Matematicas;;;75;10011346;Escritura;;;80;10011346;Lectura
62;10011347;Matematicas;;;57;10011347;Escritura;;;61;10011347;Lectura
77;10011348;Matematicas;;;95;10011348;Escritura;;;94;10011348;Lectura
75;10011349;Matematicas;;;66;10011349;Escritura;;;74;10011349;Lectura
87;10011350;Matematicas;;;76;10011350;Escritura;;;74;10011350;Lectura
52;10011351;Matematicas;;;69;10011351;Escritura;;;65;10011351;Lectura
66;10011352;Matematicas;;;52;10011352;Escritura;;;57;10011352;Lectura
63;10011353;Matematicas;;;80;10011353;Escritura;;;78;10011353;Lectura
46;10011354;Matematicas;;;57;10011354;Escritura;;;58;10011354;Lectura
59;10011355;Matematicas;;;70;10011355;Escritura;;;71;10011355;Lectura
61;10011356;Matematicas;;;70;10011356;Escritura;;;72;10011356;Lectura
63;10011357;Matematicas;;;61;10011357;Escritura;;;61;10011357;Lectura
42;10011358;Matematicas;;;69;10011358;Escritura;;;66;10011358;Lectura
59;10011359;Matematicas;;;61;10011359;Escritura;;;62;10011359;Lectura
80;10011360;Matematicas;;;89;10011360;Escritura;;;90;10011360;Lectura
58;10011361;Matematicas;;;59;10011361;Escritura;;;62;10011361;Lectura
85;10011362;Matematicas;;;78;10011362;Escritura;;;84;10011362;Lectura
52;10011363;Matematicas;;;58;10011363;Escritura;;;58;10011363;Lectura
27;10011364;Matematicas;;;32;10011364;Escritura;;;34;10011364;Lectura
59;10011365;Matematicas;;;58;10011365;Escritura;;;60;10011365;Lectura
49;10011366;Matematicas;;;60;10011366;Escritura;;;58;10011366;Lectura
69;10011367;Matematicas;;;53;10011367;Escritura;;;58;10011367;Lectura
61;10011368;Matematicas;;;61;10011368;Escritura;;;66;10011368;Lectura
44;10011369;Matematicas;;;58;10011369;Escritura;;;64;10011369;Lectura
73;10011370;Matematicas;;;85;10011370;Escritura;;;84;10011370;Lectura
84;10011371;Matematicas;;;71;10011371;Escritura;;;77;10011371;Lectura
45;10011372;Matematicas;;;70;10011372;Escritura;;;73;10011372;Lectura
74;10011373;Matematicas;;;72;10011373;Escritura;;;74;10011373;Lectura
82;10011374;Matematicas;;;96;10011374;Escritura;;;97;10011374;Lectura
59;10011375;Matematicas;;;73;10011375;Escritura;;;70;10011375;Lectura
46;10011376;Matematicas;;;41;10011376;Escritura;;;43;10011376;Lectura
80;10011377;Matematicas;;;82;10011377;Escritura;;;90;10011377;Lectura
85;10011378;Matematicas;;;100;10011378;Escritura;;;95;10011378;Lectura
71;10011379;Matematicas;;;77;10011379;Escritura;;;83;10011379;Lectura
66;10011380;Matematicas;;;62;10011380;Escritura;;;64;10011380;Lectura
80;10011381;Matematicas;;;83;10011381;Escritura;;;86;10011381;Lectura
87;10011382;Matematicas;;;95;10011382;Escritura;;;100;10011382;Lectura
79;10011383;Matematicas;;;71;10011383;Escritura;;;81;10011383;Lectura
38;10011384;Matematicas;;;45;10011384;Escritura;;;49;10011384;Lectura
38;10011385;Matematicas;;;43;10011385;Escritura;;;43;10011385;Lectura
67;10011386;Matematicas;;;75;10011386;Escritura;;;76;10011386;Lectura
64;10011387;Matematicas;;;70;10011387;Escritura;;;73;10011387;Lectura
57;10011388;Matematicas;;;67;10011388;Escritura;;;78;10011388;Lectura
62;10011389;Matematicas;;;64;10011389;Escritura;;;64;10011389;Lectura
73;10011390;Matematicas;;;75;10011390;Escritura;;;70;10011390;Lectura
73;10011391;Matematicas;;;59;10011391;Escritura;;;67;10011391;Lectura
77;10011392;Matematicas;;;77;10011392;Escritura;;;68;10011392;Lectura
76;10011393;Matematicas;;;67;10011393;Escritura;;;67;10011393;Lectura
57;10011394;Matematicas;;;56;10011394;Escritura;;;54;10011394;Lectura
65;10011395;Matematicas;;;77;10011395;Escritura;;;74;10011395;Lectura
48;10011396;Matematicas;;;41;10011396;Escritura;;;45;10011396;Lectura
50;10011397;Matematicas;;;63;10011397;Escritura;;;67;10011397;Lectura
85;10011398;Matematicas;;;95;10011398;Escritura;;;89;10011398;Lectura
74;10011399;Matematicas;;;57;10011399;Escritura;;;63;10011399;Lectura
60;10011400;Matematicas;;;54;10011400;Escritura;;;59;10011400;Lectura
59;10011401;Matematicas;;;67;10011401;Escritura;;;54;10011401;Lectura
53;10011402;Matematicas;;;43;10011402;Escritura;;;43;10011402;Lectura
49;10011403;Matematicas;;;55;10011403;Escritura;;;65;10011403;Lectura
88;10011404;Matematicas;;;100;10011404;Escritura;;;99;10011404;Lectura
54;10011405;Matematicas;;;62;10011405;Escritura;;;59;10011405;Lectura
63;10011406;Matematicas;;;68;10011406;Escritura;;;73;10011406;Lectura
65;10011407;Matematicas;;;63;10011407;Escritura;;;65;10011407;Lectura
82;10011408;Matematicas;;;77;10011408;Escritura;;;80;10011408;Lectura
52;10011409;Matematicas;;;56;10011409;Escritura;;;57;10011409;Lectura
87;10011410;Matematicas;;;85;10011410;Escritura;;;84;10011410;Lectura
70;10011411;Matematicas;;;74;10011411;Escritura;;;71;10011411;Lectura
84;10011412;Matematicas;;;78;10011412;Escritura;;;83;10011412;Lectura
71;10011413;Matematicas;;;60;10011413;Escritura;;;66;10011413;Lectura
63;10011414;Matematicas;;;67;10011414;Escritura;;;67;10011414;Lectura
51;10011415;Matematicas;;;79;10011415;Escritura;;;72;10011415;Lectura
84;10011416;Matematicas;;;69;10011416;Escritura;;;73;10011416;Lectura
71;10011417;Matematicas;;;68;10011417;Escritura;;;74;10011417;Lectura
74;10011418;Matematicas;;;67;10011418;Escritura;;;73;10011418;Lectura
68;10011419;Matematicas;;;62;10011419;Escritura;;;59;10011419;Lectura
57;10011420;Matematicas;;;54;10011420;Escritura;;;56;10011420;Lectura
82;10011421;Matematicas;;;93;10011421;Escritura;;;93;10011421;Lectura
57;10011422;Matematicas;;;64;10011422;Escritura;;;58;10011422;Lectura
47;10011423;Matematicas;;;67;10011423;Escritura;;;58;10011423;Lectura
59;10011424;Matematicas;;;80;10011424;Escritura;;;85;10011424;Lectura
41;10011425;Matematicas;;;34;10011425;Escritura;;;39;10011425;Lectura
62;10011426;Matematicas;;;62;10011426;Escritura;;;67;10011426;Lectura
86;10011427;Matematicas;;;86;10011427;Escritura;;;83;10011427;Lectura
69;10011428;Matematicas;;;65;10011428;Escritura;;;71;10011428;Lectura
65;10011429;Matematicas;;;53;10011429;Escritura;;;59;10011429;Lectura
68;10011430;Matematicas;;;54;10011430;Escritura;;;63;10011430;Lectura
64;10011431;Matematicas;;;59;10011431;Escritura;;;66;10011431;Lectura
61;10011432;Matematicas;;;70;10011432;Escritura;;;72;10011432;Lectura
61;10011433;Matematicas;;;55;10011433;Escritura;;;56;10011433;Lectura
47;10011434;Matematicas;;;50;10011434;Escritura;;;59;10011434;Lectura
73;10011435;Matematicas;;;66;10011435;Escritura;;;66;10011435;Lectura
50;10011436;Matematicas;;;53;10011436;Escritura;;;48;10011436;Lectura
75;10011437;Matematicas;;;64;10011437;Escritura;;;68;10011437;Lectura
75;10011438;Matematicas;;;73;10011438;Escritura;;;66;10011438;Lectura
70;10011439;Matematicas;;;51;10011439;Escritura;;;56;10011439;Lectura
89;10011440;Matematicas;;;82;10011440;Escritura;;;88;10011440;Lectura
67;10011441;Matematicas;;;79;10011441;Escritura;;;81;10011441;Lectura
78;10011442;Matematicas;;;80;10011442;Escritura;;;81;10011442;Lectura
59;10011443;Matematicas;;;69;10011443;Escritura;;;73;10011443;Lectura
73;10011444;Matematicas;;;76;10011444;Escritura;;;83;10011444;Lectura
79;10011445;Matematicas;;;73;10011445;Escritura;;;82;10011445;Lectura
67;10011446;Matematicas;;;77;10011446;Escritura;;;74;10011446;Lectura
69;10011447;Matematicas;;;60;10011447;Escritura;;;66;10011447;Lectura
86;10011448;Matematicas;;;80;10011448;Escritura;;;81;10011448;Lectura
47;10011449;Matematicas;;;42;10011449;Escritura;;;46;10011449;Lectura
81;10011450;Matematicas;;;72;10011450;Escritura;;;73;10011450;Lectura
64;10011451;Matematicas;;;85;10011451;Escritura;;;85;10011451;Lectura
100;10011452;Matematicas;;;97;10011452;Escritura;;;92;10011452;Lectura
65;10011453;Matematicas;;;74;10011453;Escritura;;;77;10011453;Lectura
65;10011454;Matematicas;;;49;10011454;Escritura;;;58;10011454;Lectura
53;10011455;Matematicas;;;62;10011455;Escritura;;;61;10011455;Lectura
37;10011456;Matematicas;;;47;10011456;Escritura;;;56;10011456;Lectura
79;10011457;Matematicas;;;89;10011457;Escritura;;;89;10011457;Lectura
53;10011458;Matematicas;;;48;10011458;Escritura;;;54;10011458;Lectura
100;10011459;Matematicas;;;100;10011459;Escritura;;;100;10011459;Lectura
72;10011460;Matematicas;;;68;10011460;Escritura;;;65;10011460;Lectura
53;10011461;Matematicas;;;55;10011461;Escritura;;;58;10011461;Lectura
54;10011462;Matematicas;;;45;10011462;Escritura;;;54;10011462;Lectura
71;10011463;Matematicas;;;76;10011463;Escritura;;;70;10011463;Lectura
77;10011464;Matematicas;;;91;10011464;Escritura;;;90;10011464;Lectura
75;10011465;Matematicas;;;62;10011465;Escritura;;;58;10011465;Lectura
84;10011466;Matematicas;;;91;10011466;Escritura;;;87;10011466;Lectura
26;10011467;Matematicas;;;38;10011467;Escritura;;;31;10011467;Lectura
72;10011468;Matematicas;;;65;10011468;Escritura;;;67;10011468;Lectura
77;10011469;Matematicas;;;85;10011469;Escritura;;;88;10011469;Lectura
91;10011470;Matematicas;;;76;10011470;Escritura;;;74;10011470;Lectura
83;10011471;Matematicas;;;90;10011471;Escritura;;;85;10011471;Lectura
63;10011472;Matematicas;;;74;10011472;Escritura;;;69;10011472;Lectura
68;10011473;Matematicas;;;84;10011473;Escritura;;;86;10011473;Lectura
59;10011474;Matematicas;;;61;10011474;Escritura;;;67;10011474;Lectura
90;10011475;Matematicas;;;91;10011475;Escritura;;;90;10011475;Lectura
71;10011476;Matematicas;;;83;10011476;Escritura;;;76;10011476;Lectura
76;10011477;Matematicas;;;66;10011477;Escritura;;;62;10011477;Lectura
80;10011478;Matematicas;;;72;10011478;Escritura;;;68;10011478;Lectura
55;10011479;Matematicas;;;70;10011479;Escritura;;;64;10011479;Lectura
76;10011480;Matematicas;;;67;10011480;Escritura;;;71;10011480;Lectura
73;10011481;Matematicas;;;68;10011481;Escritura;;;71;10011481;Lectura
52;10011482;Matematicas;;;56;10011482;Escritura;;;59;10011482;Lectura
68;10011483;Matematicas;;;61;10011483;Escritura;;;68;10011483;Lectura
59;10011484;Matematicas;;;46;10011484;Escritura;;;52;10011484;Lectura
49;10011485;Matematicas;;;54;10011485;Escritura;;;52;10011485;Lectura
70;10011486;Matematicas;;;71;10011486;Escritura;;;74;10011486;Lectura
61;10011487;Matematicas;;;56;10011487;Escritura;;;47;10011487;Lectura
60;10011488;Matematicas;;;74;10011488;Escritura;;;75;10011488;Lectura
64;10011489;Matematicas;;;57;10011489;Escritura;;;53;10011489;Lectura
79;10011490;Matematicas;;;82;10011490;Escritura;;;82;10011490;Lectura
65;10011491;Matematicas;;;76;10011491;Escritura;;;85;10011491;Lectura
64;10011492;Matematicas;;;70;10011492;Escritura;;;64;10011492;Lectura
83;10011493;Matematicas;;;90;10011493;Escritura;;;83;10011493;Lectura
81;10011494;Matematicas;;;90;10011494;Escritura;;;88;10011494;Lectura
54;10011495;Matematicas;;;68;10011495;Escritura;;;64;10011495;Lectura
68;10011496;Matematicas;;;66;10011496;Escritura;;;64;10011496;Lectura
54;10011497;Matematicas;;;52;10011497;Escritura;;;48;10011497;Lectura
59;10011498;Matematicas;;;76;10011498;Escritura;;;78;10011498;Lectura
66;10011499;Matematicas;;;68;10011499;Escritura;;;69;10011499;Lectura
76;10011500;Matematicas;;;72;10011500;Escritura;;;71;10011500;Lectura
74;10011501;Matematicas;;;82;10011501;Escritura;;;79;10011501;Lectura
94;10011502;Matematicas;;;92;10011502;Escritura;;;87;10011502;Lectura
63;10011503;Matematicas;;;54;10011503;Escritura;;;61;10011503;Lectura
95;10011504;Matematicas;;;92;10011504;Escritura;;;89;10011504;Lectura
40;10011505;Matematicas;;;54;10011505;Escritura;;;59;10011505;Lectura
82;10011506;Matematicas;;;80;10011506;Escritura;;;82;10011506;Lectura
68;10011507;Matematicas;;;66;10011507;Escritura;;;70;10011507;Lectura
55;10011508;Matematicas;;;54;10011508;Escritura;;;59;10011508;Lectura
79;10011509;Matematicas;;;77;10011509;Escritura;;;78;10011509;Lectura
86;10011510;Matematicas;;;87;10011510;Escritura;;;92;10011510;Lectura
76;10011511;Matematicas;;;73;10011511;Escritura;;;71;10011511;Lectura
64;10011512;Matematicas;;;43;10011512;Escritura;;;50;10011512;Lectura
62;10011513;Matematicas;;;52;10011513;Escritura;;;49;10011513;Lectura
54;10011514;Matematicas;;;62;10011514;Escritura;;;61;10011514;Lectura
77;10011515;Matematicas;;;94;10011515;Escritura;;;97;10011515;Lectura
76;10011516;Matematicas;;;85;10011516;Escritura;;;87;10011516;Lectura
74;10011517;Matematicas;;;84;10011517;Escritura;;;89;10011517;Lectura
66;10011518;Matematicas;;;73;10011518;Escritura;;;74;10011518;Lectura
66;10011519;Matematicas;;;78;10011519;Escritura;;;78;10011519;Lectura
67;10011520;Matematicas;;;79;10011520;Escritura;;;78;10011520;Lectura
71;10011521;Matematicas;;;52;10011521;Escritura;;;49;10011521;Lectura
91;10011522;Matematicas;;;84;10011522;Escritura;;;86;10011522;Lectura
69;10011523;Matematicas;;;57;10011523;Escritura;;;58;10011523;Lectura
54;10011524;Matematicas;;;50;10011524;Escritura;;;59;10011524;Lectura
53;10011525;Matematicas;;;49;10011525;Escritura;;;52;10011525;Lectura
68;10011526;Matematicas;;;59;10011526;Escritura;;;60;10011526;Lectura
56;10011527;Matematicas;;;60;10011527;Escritura;;;61;10011527;Lectura
36;10011528;Matematicas;;;43;10011528;Escritura;;;53;10011528;Lectura
29;10011529;Matematicas;;;47;10011529;Escritura;;;41;10011529;Lectura
62;10011530;Matematicas;;;70;10011530;Escritura;;;74;10011530;Lectura
68;10011531;Matematicas;;;73;10011531;Escritura;;;67;10011531;Lectura
47;10011532;Matematicas;;;53;10011532;Escritura;;;54;10011532;Lectura
62;10011533;Matematicas;;;58;10011533;Escritura;;;61;10011533;Lectura
79;10011534;Matematicas;;;94;10011534;Escritura;;;88;10011534;Lectura
73;10011535;Matematicas;;;68;10011535;Escritura;;;69;10011535;Lectura
66;10011536;Matematicas;;;83;10011536;Escritura;;;83;10011536;Lectura
51;10011537;Matematicas;;;58;10011537;Escritura;;;60;10011537;Lectura
51;10011538;Matematicas;;;62;10011538;Escritura;;;66;10011538;Lectura
85;10011539;Matematicas;;;71;10011539;Escritura;;;66;10011539;Lectura
97;10011540;Matematicas;;;86;10011540;Escritura;;;92;10011540;Lectura
75;10011541;Matematicas;;;68;10011541;Escritura;;;69;10011541;Lectura
79;10011542;Matematicas;;;80;10011542;Escritura;;;82;10011542;Lectura
81;10011543;Matematicas;;;79;10011543;Escritura;;;77;10011543;Lectura
82;10011544;Matematicas;;;89;10011544;Escritura;;;95;10011544;Lectura
64;10011545;Matematicas;;;66;10011545;Escritura;;;63;10011545;Lectura
78;10011546;Matematicas;;;80;10011546;Escritura;;;83;10011546;Lectura
92;10011547;Matematicas;;;97;10011547;Escritura;;;100;10011547;Lectura
72;10011548;Matematicas;;;64;10011548;Escritura;;;67;10011548;Lectura
62;10011549;Matematicas;;;64;10011549;Escritura;;;67;10011549;Lectura
79;10011550;Matematicas;;;69;10011550;Escritura;;;72;10011550;Lectura
79;10011551;Matematicas;;;65;10011551;Escritura;;;76;10011551;Lectura
87;10011552;Matematicas;;;88;10011552;Escritura;;;90;10011552;Lectura
40;10011553;Matematicas;;;50;10011553;Escritura;;;48;10011553;Lectura
77;10011554;Matematicas;;;64;10011554;Escritura;;;62;10011554;Lectura
53;10011555;Matematicas;;;40;10011555;Escritura;;;45;10011555;Lectura
32;10011556;Matematicas;;;33;10011556;Escritura;;;39;10011556;Lectura
55;10011557;Matematicas;;;79;10011557;Escritura;;;72;10011557;Lectura
61;10011558;Matematicas;;;66;10011558;Escritura;;;67;10011558;Lectura
53;10011559;Matematicas;;;70;10011559;Escritura;;;70;10011559;Lectura
73;10011560;Matematicas;;;62;10011560;Escritura;;;66;10011560;Lectura
74;10011561;Matematicas;;;79;10011561;Escritura;;;75;10011561;Lectura
63;10011562;Matematicas;;;74;10011562;Escritura;;;74;10011562;Lectura
96;10011563;Matematicas;;;92;10011563;Escritura;;;90;10011563;Lectura
63;10011564;Matematicas;;;80;10011564;Escritura;;;80;10011564;Lectura
48;10011565;Matematicas;;;46;10011565;Escritura;;;51;10011565;Lectura
48;10011566;Matematicas;;;45;10011566;Escritura;;;43;10011566;Lectura
92;10011567;Matematicas;;;100;10011567;Escritura;;;100;10011567;Lectura
61;10011568;Matematicas;;;78;10011568;Escritura;;;71;10011568;Lectura
63;10011569;Matematicas;;;47;10011569;Escritura;;;48;10011569;Lectura
68;10011570;Matematicas;;;67;10011570;Escritura;;;68;10011570;Lectura
71;10011571;Matematicas;;;70;10011571;Escritura;;;75;10011571;Lectura
91;10011572;Matematicas;;;92;10011572;Escritura;;;96;10011572;Lectura
53;10011573;Matematicas;;;56;10011573;Escritura;;;62;10011573;Lectura
50;10011574;Matematicas;;;64;10011574;Escritura;;;66;10011574;Lectura
74;10011575;Matematicas;;;71;10011575;Escritura;;;81;10011575;Lectura
40;10011576;Matematicas;;;53;10011576;Escritura;;;55;10011576;Lectura
61;10011577;Matematicas;;;52;10011577;Escritura;;;51;10011577;Lectura
81;10011578;Matematicas;;;89;10011578;Escritura;;;91;10011578;Lectura
48;10011579;Matematicas;;;58;10011579;Escritura;;;56;10011579;Lectura
53;10011580;Matematicas;;;68;10011580;Escritura;;;61;10011580;Lectura
81;10011581;Matematicas;;;96;10011581;Escritura;;;97;10011581;Lectura
77;10011582;Matematicas;;;80;10011582;Escritura;;;79;10011582;Lectura
63;10011583;Matematicas;;;78;10011583;Escritura;;;73;10011583;Lectura
73;10011584;Matematicas;;;80;10011584;Escritura;;;75;10011584;Lectura
69;10011585;Matematicas;;;77;10011585;Escritura;;;77;10011585;Lectura
65;10011586;Matematicas;;;76;10011586;Escritura;;;76;10011586;Lectura
55;10011587;Matematicas;;;73;10011587;Escritura;;;73;10011587;Lectura
44;10011588;Matematicas;;;62;10011588;Escritura;;;63;10011588;Lectura
54;10011589;Matematicas;;;65;10011589;Escritura;;;64;10011589;Lectura
48;10011590;Matematicas;;;65;10011590;Escritura;;;66;10011590;Lectura
58;10011591;Matematicas;;;54;10011591;Escritura;;;57;10011591;Lectura
71;10011592;Matematicas;;;50;10011592;Escritura;;;62;10011592;Lectura
68;10011593;Matematicas;;;64;10011593;Escritura;;;68;10011593;Lectura
74;10011594;Matematicas;;;73;10011594;Escritura;;;76;10011594;Lectura
92;10011595;Matematicas;;;99;10011595;Escritura;;;100;10011595;Lectura
56;10011596;Matematicas;;;72;10011596;Escritura;;;79;10011596;Lectura
30;10011597;Matematicas;;;15;10011597;Escritura;;;24;10011597;Lectura
53;10011598;Matematicas;;;48;10011598;Escritura;;;54;10011598;Lectura
69;10011599;Matematicas;;;73;10011599;Escritura;;;77;10011599;Lectura
65;10011600;Matematicas;;;81;10011600;Escritura;;;82;10011600;Lectura
54;10011601;Matematicas;;;63;10011601;Escritura;;;60;10011601;Lectura
29;10011602;Matematicas;;;30;10011602;Escritura;;;29;10011602;Lectura
76;10011603;Matematicas;;;80;10011603;Escritura;;;78;10011603;Lectura
60;10011604;Matematicas;;;51;10011604;Escritura;;;57;10011604;Lectura
84;10011605;Matematicas;;;90;10011605;Escritura;;;89;10011605;Lectura
75;10011606;Matematicas;;;62;10011606;Escritura;;;72;10011606;Lectura
85;10011607;Matematicas;;;82;10011607;Escritura;;;84;10011607;Lectura
40;10011608;Matematicas;;;54;10011608;Escritura;;;58;10011608;Lectura
61;10011609;Matematicas;;;62;10011609;Escritura;;;64;10011609;Lectura
58;10011610;Matematicas;;;65;10011610;Escritura;;;63;10011610;Lectura
69;10011611;Matematicas;;;63;10011611;Escritura;;;60;10011611;Lectura
58;10011612;Matematicas;;;66;10011612;Escritura;;;59;10011612;Lectura
94;10011613;Matematicas;;;91;10011613;Escritura;;;90;10011613;Lectura
65;10011614;Matematicas;;;74;10011614;Escritura;;;77;10011614;Lectura
82;10011615;Matematicas;;;93;10011615;Escritura;;;93;10011615;Lectura
60;10011616;Matematicas;;;72;10011616;Escritura;;;68;10011616;Lectura
37;10011617;Matematicas;;;38;10011617;Escritura;;;45;10011617;Lectura
88;10011618;Matematicas;;;83;10011618;Escritura;;;78;10011618;Lectura
95;10011619;Matematicas;;;84;10011619;Escritura;;;81;10011619;Lectura
65;10011620;Matematicas;;;68;10011620;Escritura;;;73;10011620;Lectura
35;10011621;Matematicas;;;54;10011621;Escritura;;;61;10011621;Lectura
62;10011622;Matematicas;;;56;10011622;Escritura;;;63;10011622;Lectura
58;10011623;Matematicas;;;52;10011623;Escritura;;;51;10011623;Lectura
100;10011624;Matematicas;;;86;10011624;Escritura;;;96;10011624;Lectura
61;10011625;Matematicas;;;62;10011625;Escritura;;;58;10011625;Lectura
100;10011626;Matematicas;;;99;10011626;Escritura;;;97;10011626;Lectura
69;10011627;Matematicas;;;63;10011627;Escritura;;;70;10011627;Lectura
61;10011628;Matematicas;;;46;10011628;Escritura;;;48;10011628;Lectura
49;10011629;Matematicas;;;46;10011629;Escritura;;;57;10011629;Lectura
44;10011630;Matematicas;;;55;10011630;Escritura;;;51;10011630;Lectura
67;10011631;Matematicas;;;70;10011631;Escritura;;;64;10011631;Lectura
79;10011632;Matematicas;;;65;10011632;Escritura;;;60;10011632;Lectura
66;10011633;Matematicas;;;81;10011633;Escritura;;;74;10011633;Lectura
75;10011634;Matematicas;;;85;10011634;Escritura;;;88;10011634;Lectura
84;10011635;Matematicas;;;80;10011635;Escritura;;;84;10011635;Lectura
71;10011636;Matematicas;;;64;10011636;Escritura;;;74;10011636;Lectura
67;10011637;Matematicas;;;81;10011637;Escritura;;;80;10011637;Lectura
80;10011638;Matematicas;;;88;10011638;Escritura;;;92;10011638;Lectura
86;10011639;Matematicas;;;74;10011639;Escritura;;;76;10011639;Lectura
76;10011640;Matematicas;;;73;10011640;Escritura;;;74;10011640;Lectura
41;10011641;Matematicas;;;51;10011641;Escritura;;;52;10011641;Lectura
74;10011642;Matematicas;;;90;10011642;Escritura;;;88;10011642;Lectura
72;10011643;Matematicas;;;79;10011643;Escritura;;;81;10011643;Lectura
74;10011644;Matematicas;;;80;10011644;Escritura;;;79;10011644;Lectura
70;10011645;Matematicas;;;60;10011645;Escritura;;;65;10011645;Lectura
65;10011646;Matematicas;;;81;10011646;Escritura;;;81;10011646;Lectura
59;10011647;Matematicas;;;65;10011647;Escritura;;;70;10011647;Lectura
64;10011648;Matematicas;;;68;10011648;Escritura;;;62;10011648;Lectura
50;10011649;Matematicas;;;55;10011649;Escritura;;;53;10011649;Lectura
69;10011650;Matematicas;;;81;10011650;Escritura;;;79;10011650;Lectura
51;10011651;Matematicas;;;53;10011651;Escritura;;;56;10011651;Lectura
68;10011652;Matematicas;;;76;10011652;Escritura;;;80;10011652;Lectura
85;10011653;Matematicas;;;98;10011653;Escritura;;;86;10011653;Lectura
65;10011654;Matematicas;;;74;10011654;Escritura;;;70;10011654;Lectura
73;10011655;Matematicas;;;79;10011655;Escritura;;;79;10011655;Lectura
62;10011656;Matematicas;;;67;10011656;Escritura;;;67;10011656;Lectura
77;10011657;Matematicas;;;64;10011657;Escritura;;;67;10011657;Lectura
69;10011658;Matematicas;;;61;10011658;Escritura;;;66;10011658;Lectura
43;10011659;Matematicas;;;58;10011659;Escritura;;;60;10011659;Lectura
90;10011660;Matematicas;;;85;10011660;Escritura;;;87;10011660;Lectura
74;10011661;Matematicas;;;73;10011661;Escritura;;;77;10011661;Lectura
73;10011662;Matematicas;;;63;10011662;Escritura;;;66;10011662;Lectura
55;10011663;Matematicas;;;69;10011663;Escritura;;;71;10011663;Lectura
65;10011664;Matematicas;;;67;10011664;Escritura;;;69;10011664;Lectura
80;10011665;Matematicas;;;63;10011665;Escritura;;;63;10011665;Lectura
50;10011666;Matematicas;;;60;10011666;Escritura;;;60;10011666;Lectura
63;10011667;Matematicas;;;71;10011667;Escritura;;;73;10011667;Lectura
77;10011668;Matematicas;;;87;10011668;Escritura;;;85;10011668;Lectura
73;10011669;Matematicas;;;61;10011669;Escritura;;;74;10011669;Lectura
81;10011670;Matematicas;;;77;10011670;Escritura;;;72;10011670;Lectura
66;10011671;Matematicas;;;68;10011671;Escritura;;;76;10011671;Lectura
52;10011672;Matematicas;;;50;10011672;Escritura;;;57;10011672;Lectura
69;10011673;Matematicas;;;76;10011673;Escritura;;;78;10011673;Lectura
65;10011674;Matematicas;;;84;10011674;Escritura;;;84;10011674;Lectura
69;10011675;Matematicas;;;78;10011675;Escritura;;;77;10011675;Lectura
50;10011676;Matematicas;;;66;10011676;Escritura;;;64;10011676;Lectura
73;10011677;Matematicas;;;76;10011677;Escritura;;;78;10011677;Lectura
70;10011678;Matematicas;;;76;10011678;Escritura;;;82;10011678;Lectura
81;10011679;Matematicas;;;78;10011679;Escritura;;;75;10011679;Lectura
63;10011680;Matematicas;;;60;10011680;Escritura;;;61;10011680;Lectura
67;10011681;Matematicas;;;74;10011681;Escritura;;;72;10011681;Lectura
60;10011682;Matematicas;;;60;10011682;Escritura;;;68;10011682;Lectura
62;10011683;Matematicas;;;54;10011683;Escritura;;;55;10011683;Lectura
29;10011684;Matematicas;;;44;10011684;Escritura;;;40;10011684;Lectura
62;10011685;Matematicas;;;68;10011685;Escritura;;;66;10011685;Lectura
94;10011686;Matematicas;;;100;10011686;Escritura;;;99;10011686;Lectura
85;10011687;Matematicas;;;68;10011687;Escritura;;;75;10011687;Lectura
77;10011688;Matematicas;;;73;10011688;Escritura;;;78;10011688;Lectura
53;10011689;Matematicas;;;44;10011689;Escritura;;;58;10011689;Lectura
93;10011690;Matematicas;;;83;10011690;Escritura;;;90;10011690;Lectura
49;10011691;Matematicas;;;53;10011691;Escritura;;;53;10011691;Lectura
73;10011692;Matematicas;;;78;10011692;Escritura;;;76;10011692;Lectura
66;10011693;Matematicas;;;81;10011693;Escritura;;;74;10011693;Lectura
77;10011694;Matematicas;;;73;10011694;Escritura;;;77;10011694;Lectura
49;10011695;Matematicas;;;56;10011695;Escritura;;;63;10011695;Lectura
79;10011696;Matematicas;;;86;10011696;Escritura;;;89;10011696;Lectura
75;10011697;Matematicas;;;90;10011697;Escritura;;;82;10011697;Lectura
59;10011698;Matematicas;;;70;10011698;Escritura;;;72;10011698;Lectura
57;10011699;Matematicas;;;79;10011699;Escritura;;;78;10011699;Lectura
66;10011700;Matematicas;;;59;10011700;Escritura;;;66;10011700;Lectura
79;10011701;Matematicas;;;82;10011701;Escritura;;;81;10011701;Lectura
57;10011702;Matematicas;;;72;10011702;Escritura;;;67;10011702;Lectura
87;10011703;Matematicas;;;87;10011703;Escritura;;;84;10011703;Lectura
63;10011704;Matematicas;;;67;10011704;Escritura;;;64;10011704;Lectura
59;10011705;Matematicas;;;64;10011705;Escritura;;;63;10011705;Lectura
62;10011706;Matematicas;;;65;10011706;Escritura;;;72;10011706;Lectura
46;10011707;Matematicas;;;36;10011707;Escritura;;;34;10011707;Lectura
66;10011708;Matematicas;;;52;10011708;Escritura;;;59;10011708;Lectura
89;10011709;Matematicas;;;79;10011709;Escritura;;;87;10011709;Lectura
42;10011710;Matematicas;;;58;10011710;Escritura;;;61;10011710;Lectura
93;10011711;Matematicas;;;90;10011711;Escritura;;;84;10011711;Lectura
80;10011712;Matematicas;;;85;10011712;Escritura;;;85;10011712;Lectura
98;10011713;Matematicas;;;99;10011713;Escritura;;;100;10011713;Lectura
81;10011714;Matematicas;;;84;10011714;Escritura;;;81;10011714;Lectura
60;10011715;Matematicas;;;74;10011715;Escritura;;;70;10011715;Lectura
76;10011716;Matematicas;;;87;10011716;Escritura;;;94;10011716;Lectura
73;10011717;Matematicas;;;72;10011717;Escritura;;;78;10011717;Lectura
96;10011718;Matematicas;;;99;10011718;Escritura;;;96;10011718;Lectura
76;10011719;Matematicas;;;74;10011719;Escritura;;;76;10011719;Lectura
91;10011720;Matematicas;;;80;10011720;Escritura;;;73;10011720;Lectura
62;10011721;Matematicas;;;70;10011721;Escritura;;;72;10011721;Lectura
55;10011722;Matematicas;;;59;10011722;Escritura;;;59;10011722;Lectura
74;10011723;Matematicas;;;88;10011723;Escritura;;;90;10011723;Lectura
50;10011724;Matematicas;;;42;10011724;Escritura;;;48;10011724;Lectura
47;10011725;Matematicas;;;41;10011725;Escritura;;;43;10011725;Lectura
81;10011726;Matematicas;;;71;10011726;Escritura;;;74;10011726;Lectura
65;10011727;Matematicas;;;77;10011727;Escritura;;;75;10011727;Lectura
68;10011728;Matematicas;;;57;10011728;Escritura;;;51;10011728;Lectura
73;10011729;Matematicas;;;84;10011729;Escritura;;;92;10011729;Lectura
53;10011730;Matematicas;;;37;10011730;Escritura;;;39;10011730;Lectura
68;10011731;Matematicas;;;80;10011731;Escritura;;;77;10011731;Lectura
55;10011732;Matematicas;;;43;10011732;Escritura;;;46;10011732;Lectura
87;10011733;Matematicas;;;94;10011733;Escritura;;;89;10011733;Lectura
55;10011734;Matematicas;;;44;10011734;Escritura;;;47;10011734;Lectura
53;10011735;Matematicas;;;57;10011735;Escritura;;;58;10011735;Lectura
67;10011736;Matematicas;;;59;10011736;Escritura;;;57;10011736;Lectura
92;10011737;Matematicas;;;84;10011737;Escritura;;;79;10011737;Lectura
53;10011738;Matematicas;;;73;10011738;Escritura;;;66;10011738;Lectura
81;10011739;Matematicas;;;73;10011739;Escritura;;;71;10011739;Lectura
61;10011740;Matematicas;;;55;10011740;Escritura;;;60;10011740;Lectura
80;10011741;Matematicas;;;72;10011741;Escritura;;;73;10011741;Lectura
37;10011742;Matematicas;;;56;10011742;Escritura;;;57;10011742;Lectura
81;10011743;Matematicas;;;82;10011743;Escritura;;;84;10011743;Lectura
59;10011744;Matematicas;;;72;10011744;Escritura;;;73;10011744;Lectura
55;10011745;Matematicas;;;47;10011745;Escritura;;;55;10011745;Lectura
72;10011746;Matematicas;;;74;10011746;Escritura;;;79;10011746;Lectura
69;10011747;Matematicas;;;71;10011747;Escritura;;;75;10011747;Lectura
69;10011748;Matematicas;;;68;10011748;Escritura;;;64;10011748;Lectura
50;10011749;Matematicas;;;59;10011749;Escritura;;;60;10011749;Lectura
87;10011750;Matematicas;;;86;10011750;Escritura;;;84;10011750;Lectura
71;10011751;Matematicas;;;68;10011751;Escritura;;;69;10011751;Lectura
68;10011752;Matematicas;;;65;10011752;Escritura;;;72;10011752;Lectura
79;10011753;Matematicas;;;75;10011753;Escritura;;;77;10011753;Lectura
77;10011754;Matematicas;;;85;10011754;Escritura;;;90;10011754;Lectura
58;10011755;Matematicas;;;53;10011755;Escritura;;;55;10011755;Lectura
84;10011756;Matematicas;;;92;10011756;Escritura;;;95;10011756;Lectura
55;10011757;Matematicas;;;52;10011757;Escritura;;;58;10011757;Lectura
70;10011758;Matematicas;;;72;10011758;Escritura;;;68;10011758;Lectura
52;10011759;Matematicas;;;65;10011759;Escritura;;;59;10011759;Lectura
69;10011760;Matematicas;;;77;10011760;Escritura;;;77;10011760;Lectura
53;10011761;Matematicas;;;64;10011761;Escritura;;;72;10011761;Lectura
48;10011762;Matematicas;;;54;10011762;Escritura;;;58;10011762;Lectura
78;10011763;Matematicas;;;86;10011763;Escritura;;;81;10011763;Lectura
62;10011764;Matematicas;;;63;10011764;Escritura;;;62;10011764;Lectura
60;10011765;Matematicas;;;59;10011765;Escritura;;;63;10011765;Lectura
74;10011766;Matematicas;;;72;10011766;Escritura;;;72;10011766;Lectura
58;10011767;Matematicas;;;77;10011767;Escritura;;;75;10011767;Lectura
76;10011768;Matematicas;;;60;10011768;Escritura;;;62;10011768;Lectura
68;10011769;Matematicas;;;75;10011769;Escritura;;;71;10011769;Lectura
58;10011770;Matematicas;;;57;10011770;Escritura;;;60;10011770;Lectura
52;10011771;Matematicas;;;49;10011771;Escritura;;;48;10011771;Lectura
75;10011772;Matematicas;;;74;10011772;Escritura;;;73;10011772;Lectura
52;10011773;Matematicas;;;72;10011773;Escritura;;;67;10011773;Lectura
62;10011774;Matematicas;;;79;10011774;Escritura;;;78;10011774;Lectura
66;10011775;Matematicas;;;60;10011775;Escritura;;;65;10011775;Lectura
49;10011776;Matematicas;;;55;10011776;Escritura;;;58;10011776;Lectura
66;10011777;Matematicas;;;70;10011777;Escritura;;;72;10011777;Lectura
35;10011778;Matematicas;;;43;10011778;Escritura;;;44;10011778;Lectura
72;10011779;Matematicas;;;82;10011779;Escritura;;;79;10011779;Lectura
94;10011780;Matematicas;;;82;10011780;Escritura;;;85;10011780;Lectura
46;10011781;Matematicas;;;57;10011781;Escritura;;;56;10011781;Lectura
77;10011782;Matematicas;;;84;10011782;Escritura;;;90;10011782;Lectura
76;10011783;Matematicas;;;82;10011783;Escritura;;;85;10011783;Lectura
52;10011784;Matematicas;;;62;10011784;Escritura;;;59;10011784;Lectura
91;10011785;Matematicas;;;79;10011785;Escritura;;;81;10011785;Lectura
32;10011786;Matematicas;;;44;10011786;Escritura;;;51;10011786;Lectura
72;10011787;Matematicas;;;77;10011787;Escritura;;;79;10011787;Lectura
19;10011788;Matematicas;;;32;10011788;Escritura;;;38;10011788;Lectura
68;10011789;Matematicas;;;61;10011789;Escritura;;;65;10011789;Lectura
52;10011790;Matematicas;;;61;10011790;Escritura;;;65;10011790;Lectura
48;10011791;Matematicas;;;60;10011791;Escritura;;;62;10011791;Lectura
60;10011792;Matematicas;;;70;10011792;Escritura;;;66;10011792;Lectura
66;10011793;Matematicas;;;69;10011793;Escritura;;;74;10011793;Lectura
89;10011794;Matematicas;;;77;10011794;Escritura;;;84;10011794;Lectura
42;10011795;Matematicas;;;51;10011795;Escritura;;;52;10011795;Lectura
57;10011796;Matematicas;;;73;10011796;Escritura;;;68;10011796;Lectura
70;10011797;Matematicas;;;70;10011797;Escritura;;;70;10011797;Lectura
70;10011798;Matematicas;;;81;10011798;Escritura;;;84;10011798;Lectura
69;10011799;Matematicas;;;54;10011799;Escritura;;;60;10011799;Lectura
52;10011800;Matematicas;;;57;10011800;Escritura;;;55;10011800;Lectura
67;10011801;Matematicas;;;68;10011801;Escritura;;;73;10011801;Lectura
76;10011802;Matematicas;;;73;10011802;Escritura;;;80;10011802;Lectura
87;10011803;Matematicas;;;95;10011803;Escritura;;;94;10011803;Lectura
82;10011804;Matematicas;;;87;10011804;Escritura;;;85;10011804;Lectura
73;10011805;Matematicas;;;78;10011805;Escritura;;;76;10011805;Lectura
75;10011806;Matematicas;;;74;10011806;Escritura;;;81;10011806;Lectura
64;10011807;Matematicas;;;75;10011807;Escritura;;;74;10011807;Lectura
41;10011808;Matematicas;;;40;10011808;Escritura;;;45;10011808;Lectura
90;10011809;Matematicas;;;69;10011809;Escritura;;;75;10011809;Lectura
59;10011810;Matematicas;;;51;10011810;Escritura;;;54;10011810;Lectura
51;10011811;Matematicas;;;36;10011811;Escritura;;;31;10011811;Lectura
45;10011812;Matematicas;;;49;10011812;Escritura;;;47;10011812;Lectura
54;10011813;Matematicas;;;67;10011813;Escritura;;;64;10011813;Lectura
87;10011814;Matematicas;;;76;10011814;Escritura;;;84;10011814;Lectura
72;10011815;Matematicas;;;83;10011815;Escritura;;;80;10011815;Lectura
94;10011816;Matematicas;;;87;10011816;Escritura;;;86;10011816;Lectura
45;10011817;Matematicas;;;64;10011817;Escritura;;;59;10011817;Lectura
61;10011818;Matematicas;;;76;10011818;Escritura;;;70;10011818;Lectura
60;10011819;Matematicas;;;68;10011819;Escritura;;;72;10011819;Lectura
77;10011820;Matematicas;;;88;10011820;Escritura;;;91;10011820;Lectura
85;10011821;Matematicas;;;92;10011821;Escritura;;;90;10011821;Lectura
78;10011822;Matematicas;;;93;10011822;Escritura;;;90;10011822;Lectura
49;10011823;Matematicas;;;51;10011823;Escritura;;;52;10011823;Lectura
71;10011824;Matematicas;;;82;10011824;Escritura;;;87;10011824;Lectura
48;10011825;Matematicas;;;52;10011825;Escritura;;;58;10011825;Lectura
62;10011826;Matematicas;;;58;10011826;Escritura;;;67;10011826;Lectura
56;10011827;Matematicas;;;70;10011827;Escritura;;;68;10011827;Lectura
65;10011828;Matematicas;;;76;10011828;Escritura;;;69;10011828;Lectura
69;10011829;Matematicas;;;81;10011829;Escritura;;;86;10011829;Lectura
68;10011830;Matematicas;;;53;10011830;Escritura;;;54;10011830;Lectura
61;10011831;Matematicas;;;57;10011831;Escritura;;;60;10011831;Lectura
74;10011832;Matematicas;;;89;10011832;Escritura;;;86;10011832;Lectura
64;10011833;Matematicas;;;58;10011833;Escritura;;;60;10011833;Lectura
77;10011834;Matematicas;;;89;10011834;Escritura;;;82;10011834;Lectura
58;10011835;Matematicas;;;45;10011835;Escritura;;;50;10011835;Lectura
60;10011836;Matematicas;;;74;10011836;Escritura;;;64;10011836;Lectura
73;10011837;Matematicas;;;57;10011837;Escritura;;;64;10011837;Lectura
75;10011838;Matematicas;;;79;10011838;Escritura;;;82;10011838;Lectura
58;10011839;Matematicas;;;53;10011839;Escritura;;;57;10011839;Lectura
66;10011840;Matematicas;;;73;10011840;Escritura;;;77;10011840;Lectura
39;10011841;Matematicas;;;46;10011841;Escritura;;;52;10011841;Lectura
64;10011842;Matematicas;;;51;10011842;Escritura;;;58;10011842;Lectura
23;10011843;Matematicas;;;36;10011843;Escritura;;;44;10011843;Lectura
74;10011844;Matematicas;;;76;10011844;Escritura;;;77;10011844;Lectura
40;10011845;Matematicas;;;64;10011845;Escritura;;;65;10011845;Lectura
90;10011846;Matematicas;;;84;10011846;Escritura;;;85;10011846;Lectura
91;10011847;Matematicas;;;85;10011847;Escritura;;;85;10011847;Lectura
64;10011848;Matematicas;;;50;10011848;Escritura;;;54;10011848;Lectura
59;10011849;Matematicas;;;68;10011849;Escritura;;;72;10011849;Lectura
80;10011850;Matematicas;;;69;10011850;Escritura;;;75;10011850;Lectura
71;10011851;Matematicas;;;67;10011851;Escritura;;;67;10011851;Lectura
61;10011852;Matematicas;;;63;10011852;Escritura;;;68;10011852;Lectura
87;10011853;Matematicas;;;93;10011853;Escritura;;;85;10011853;Lectura
82;10011854;Matematicas;;;61;10011854;Escritura;;;67;10011854;Lectura
62;10011855;Matematicas;;;55;10011855;Escritura;;;64;10011855;Lectura
97;10011856;Matematicas;;;96;10011856;Escritura;;;97;10011856;Lectura
75;10011857;Matematicas;;;65;10011857;Escritura;;;68;10011857;Lectura
65;10011858;Matematicas;;;81;10011858;Escritura;;;79;10011858;Lectura
52;10011859;Matematicas;;;46;10011859;Escritura;;;49;10011859;Lectura
87;10011860;Matematicas;;;72;10011860;Escritura;;;73;10011860;Lectura
53;10011861;Matematicas;;;53;10011861;Escritura;;;62;10011861;Lectura
81;10011862;Matematicas;;;87;10011862;Escritura;;;86;10011862;Lectura
39;10011863;Matematicas;;;38;10011863;Escritura;;;42;10011863;Lectura
71;10011864;Matematicas;;;80;10011864;Escritura;;;71;10011864;Lectura
97;10011865;Matematicas;;;91;10011865;Escritura;;;93;10011865;Lectura
82;10011866;Matematicas;;;88;10011866;Escritura;;;82;10011866;Lectura
59;10011867;Matematicas;;;52;10011867;Escritura;;;53;10011867;Lectura
61;10011868;Matematicas;;;41;10011868;Escritura;;;42;10011868;Lectura
78;10011869;Matematicas;;;72;10011869;Escritura;;;74;10011869;Lectura
49;10011870;Matematicas;;;51;10011870;Escritura;;;51;10011870;Lectura
59;10011871;Matematicas;;;47;10011871;Escritura;;;58;10011871;Lectura
70;10011872;Matematicas;;;76;10011872;Escritura;;;72;10011872;Lectura
82;10011873;Matematicas;;;78;10011873;Escritura;;;84;10011873;Lectura
90;10011874;Matematicas;;;82;10011874;Escritura;;;90;10011874;Lectura
43;10011875;Matematicas;;;61;10011875;Escritura;;;62;10011875;Lectura
80;10011876;Matematicas;;;66;10011876;Escritura;;;64;10011876;Lectura
81;10011877;Matematicas;;;84;10011877;Escritura;;;82;10011877;Lectura
57;10011878;Matematicas;;;54;10011878;Escritura;;;61;10011878;Lectura
59;10011879;Matematicas;;;80;10011879;Escritura;;;72;10011879;Lectura
64;10011880;Matematicas;;;74;10011880;Escritura;;;76;10011880;Lectura
63;10011881;Matematicas;;;66;10011881;Escritura;;;64;10011881;Lectura
71;10011882;Matematicas;;;70;10011882;Escritura;;;70;10011882;Lectura
64;10011883;Matematicas;;;71;10011883;Escritura;;;73;10011883;Lectura
55;10011884;Matematicas;;;44;10011884;Escritura;;;46;10011884;Lectura
51;10011885;Matematicas;;;54;10011885;Escritura;;;51;10011885;Lectura
62;10011886;Matematicas;;;80;10011886;Escritura;;;76;10011886;Lectura
93;10011887;Matematicas;;;95;10011887;Escritura;;;100;10011887;Lectura
54;10011888;Matematicas;;;59;10011888;Escritura;;;72;10011888;Lectura
69;10011889;Matematicas;;;74;10011889;Escritura;;;65;10011889;Lectura
44;10011890;Matematicas;;;48;10011890;Escritura;;;51;10011890;Lectura
86;10011891;Matematicas;;;91;10011891;Escritura;;;85;10011891;Lectura
85;10011892;Matematicas;;;85;10011892;Escritura;;;92;10011892;Lectura
50;10011893;Matematicas;;;73;10011893;Escritura;;;67;10011893;Lectura
88;10011894;Matematicas;;;75;10011894;Escritura;;;74;10011894;Lectura
59;10011895;Matematicas;;;69;10011895;Escritura;;;62;10011895;Lectura
32;10011896;Matematicas;;;38;10011896;Escritura;;;34;10011896;Lectura
36;10011897;Matematicas;;;27;10011897;Escritura;;;29;10011897;Lectura
63;10011898;Matematicas;;;79;10011898;Escritura;;;78;10011898;Lectura
67;10011899;Matematicas;;;63;10011899;Escritura;;;54;10011899;Lectura
65;10011900;Matematicas;;;82;10011900;Escritura;;;78;10011900;Lectura
85;10011901;Matematicas;;;89;10011901;Escritura;;;84;10011901;Lectura
73;10011902;Matematicas;;;74;10011902;Escritura;;;78;10011902;Lectura
34;10011903;Matematicas;;;41;10011903;Escritura;;;48;10011903;Lectura
93;10011904;Matematicas;;;100;10011904;Escritura;;;100;10011904;Lectura
67;10011905;Matematicas;;;84;10011905;Escritura;;;84;10011905;Lectura
88;10011906;Matematicas;;;77;10011906;Escritura;;;77;10011906;Lectura
57;10011907;Matematicas;;;51;10011907;Escritura;;;48;10011907;Lectura
79;10011908;Matematicas;;;91;10011908;Escritura;;;84;10011908;Lectura
67;10011909;Matematicas;;;72;10011909;Escritura;;;75;10011909;Lectura
70;10011910;Matematicas;;;70;10011910;Escritura;;;64;10011910;Lectura
50;10011911;Matematicas;;;48;10011911;Escritura;;;42;10011911;Lectura
69;10011912;Matematicas;;;82;10011912;Escritura;;;84;10011912;Lectura
52;10011913;Matematicas;;;66;10011913;Escritura;;;61;10011913;Lectura
47;10011914;Matematicas;;;66;10011914;Escritura;;;62;10011914;Lectura
46;10011915;Matematicas;;;55;10011915;Escritura;;;61;10011915;Lectura
68;10011916;Matematicas;;;66;10011916;Escritura;;;70;10011916;Lectura
100;10011917;Matematicas;;;100;10011917;Escritura;;;100;10011917;Lectura
44;10011918;Matematicas;;;52;10011918;Escritura;;;61;10011918;Lectura
57;10011919;Matematicas;;;80;10011919;Escritura;;;77;10011919;Lectura
91;10011920;Matematicas;;;91;10011920;Escritura;;;96;10011920;Lectura
69;10011921;Matematicas;;;67;10011921;Escritura;;;70;10011921;Lectura
35;10011922;Matematicas;;;46;10011922;Escritura;;;53;10011922;Lectura
72;10011923;Matematicas;;;66;10011923;Escritura;;;66;10011923;Lectura
54;10011924;Matematicas;;;65;10011924;Escritura;;;65;10011924;Lectura
74;10011925;Matematicas;;;69;10011925;Escritura;;;70;10011925;Lectura
74;10011926;Matematicas;;;60;10011926;Escritura;;;64;10011926;Lectura
64;10011927;Matematicas;;;52;10011927;Escritura;;;56;10011927;Lectura
65;10011928;Matematicas;;;71;10011928;Escritura;;;61;10011928;Lectura
46;10011929;Matematicas;;;44;10011929;Escritura;;;43;10011929;Lectura
48;10011930;Matematicas;;;51;10011930;Escritura;;;56;10011930;Lectura
67;10011931;Matematicas;;;70;10011931;Escritura;;;74;10011931;Lectura
62;10011932;Matematicas;;;62;10011932;Escritura;;;57;10011932;Lectura
61;10011933;Matematicas;;;73;10011933;Escritura;;;71;10011933;Lectura
70;10011934;Matematicas;;;74;10011934;Escritura;;;75;10011934;Lectura
98;10011935;Matematicas;;;90;10011935;Escritura;;;87;10011935;Lectura
70;10011936;Matematicas;;;58;10011936;Escritura;;;63;10011936;Lectura
67;10011937;Matematicas;;;53;10011937;Escritura;;;57;10011937;Lectura
57;10011938;Matematicas;;;57;10011938;Escritura;;;58;10011938;Lectura
85;10011939;Matematicas;;;85;10011939;Escritura;;;81;10011939;Lectura
77;10011940;Matematicas;;;69;10011940;Escritura;;;68;10011940;Lectura
72;10011941;Matematicas;;;72;10011941;Escritura;;;66;10011941;Lectura
78;10011942;Matematicas;;;96;10011942;Escritura;;;91;10011942;Lectura
81;10011943;Matematicas;;;64;10011943;Escritura;;;66;10011943;Lectura
61;10011944;Matematicas;;;61;10011944;Escritura;;;62;10011944;Lectura
58;10011945;Matematicas;;;61;10011945;Escritura;;;68;10011945;Lectura
54;10011946;Matematicas;;;58;10011946;Escritura;;;61;10011946;Lectura
82;10011947;Matematicas;;;80;10011947;Escritura;;;82;10011947;Lectura
49;10011948;Matematicas;;;60;10011948;Escritura;;;58;10011948;Lectura
49;10011949;Matematicas;;;52;10011949;Escritura;;;50;10011949;Lectura
57;10011950;Matematicas;;;73;10011950;Escritura;;;75;10011950;Lectura
94;10011951;Matematicas;;;71;10011951;Escritura;;;73;10011951;Lectura
75;10011952;Matematicas;;;83;10011952;Escritura;;;77;10011952;Lectura
74;10011953;Matematicas;;;72;10011953;Escritura;;;74;10011953;Lectura
58;10011954;Matematicas;;;54;10011954;Escritura;;;52;10011954;Lectura
62;10011955;Matematicas;;;69;10011955;Escritura;;;69;10011955;Lectura
72;10011956;Matematicas;;;62;10011956;Escritura;;;57;10011956;Lectura
84;10011957;Matematicas;;;81;10011957;Escritura;;;87;10011957;Lectura
92;10011958;Matematicas;;;100;10011958;Escritura;;;100;10011958;Lectura
45;10011959;Matematicas;;;59;10011959;Escritura;;;63;10011959;Lectura
75;10011960;Matematicas;;;71;10011960;Escritura;;;81;10011960;Lectura
56;10011961;Matematicas;;;64;10011961;Escritura;;;58;10011961;Lectura
48;10011962;Matematicas;;;53;10011962;Escritura;;;54;10011962;Lectura
100;10011963;Matematicas;;;100;10011963;Escritura;;;100;10011963;Lectura
65;10011964;Matematicas;;;75;10011964;Escritura;;;76;10011964;Lectura
72;10011965;Matematicas;;;58;10011965;Escritura;;;57;10011965;Lectura
62;10011966;Matematicas;;;72;10011966;Escritura;;;70;10011966;Lectura
66;10011967;Matematicas;;;64;10011967;Escritura;;;68;10011967;Lectura
63;10011968;Matematicas;;;60;10011968;Escritura;;;63;10011968;Lectura
68;10011969;Matematicas;;;67;10011969;Escritura;;;76;10011969;Lectura
75;10011970;Matematicas;;;80;10011970;Escritura;;;84;10011970;Lectura
89;10011971;Matematicas;;;100;10011971;Escritura;;;100;10011971;Lectura
78;10011972;Matematicas;;;69;10011972;Escritura;;;72;10011972;Lectura
53;10011973;Matematicas;;;60;10011973;Escritura;;;50;10011973;Lectura
49;10011974;Matematicas;;;61;10011974;Escritura;;;65;10011974;Lectura
54;10011975;Matematicas;;;67;10011975;Escritura;;;63;10011975;Lectura
64;10011976;Matematicas;;;77;10011976;Escritura;;;82;10011976;Lectura
60;10011977;Matematicas;;;60;10011977;Escritura;;;62;10011977;Lectura
62;10011978;Matematicas;;;58;10011978;Escritura;;;65;10011978;Lectura
55;10011979;Matematicas;;;48;10011979;Escritura;;;41;10011979;Lectura
91;10011980;Matematicas;;;94;10011980;Escritura;;;95;10011980;Lectura
8;10011981;Matematicas;;;23;10011981;Escritura;;;24;10011981;Lectura
81;10011982;Matematicas;;;78;10011982;Escritura;;;78;10011982;Lectura
79;10011983;Matematicas;;;86;10011983;Escritura;;;85;10011983;Lectura
78;10011984;Matematicas;;;91;10011984;Escritura;;;87;10011984;Lectura
74;10011985;Matematicas;;;82;10011985;Escritura;;;75;10011985;Lectura
57;10011986;Matematicas;;;54;10011986;Escritura;;;51;10011986;Lectura
40;10011987;Matematicas;;;51;10011987;Escritura;;;59;10011987;Lectura
81;10011988;Matematicas;;;76;10011988;Escritura;;;75;10011988;Lectura
44;10011989;Matematicas;;;45;10011989;Escritura;;;45;10011989;Lectura
67;10011990;Matematicas;;;83;10011990;Escritura;;;86;10011990;Lectura
86;10011991;Matematicas;;;75;10011991;Escritura;;;81;10011991;Lectura
65;10011992;Matematicas;;;78;10011992;Escritura;;;82;10011992;Lectura
55;10011993;Matematicas;;;76;10011993;Escritura;;;76;10011993;Lectura
62;10011994;Matematicas;;;74;10011994;Escritura;;;72;10011994;Lectura
63;10011995;Matematicas;;;62;10011995;Escritura;;;63;10011995;Lectura
88;10011996;Matematicas;;;95;10011996;Escritura;;;99;10011996;Lectura
62;10011997;Matematicas;;;55;10011997;Escritura;;;55;10011997;Lectura
59;10011998;Matematicas;;;65;10011998;Escritura;;;71;10011998;Lectura
68;10011999;Matematicas;;;77;10011999;Escritura;;;78;10011999;Lectura
77;10012000;Matematicas;;;86;10012000;Escritura;;;86;10012000;Lectura
;10012001;;;;;;;;;;;
;10012002;;;;;;;;;;;
;10012003;;;;;;;;;;;
;10012004;;;;;;;;;;;
;10012005;;;;;;;;;;;
;10012006;;;;;;;;;;;
;10012007;;;;;;;;;;;
;10012008;;;;;;;;;;;
;10012009;;;;;;;;;;;
;10012010;;;;;;;;;;;
;10012011;;;;;;;;;;;
;10012012;;;;;;;;;;;
;10012013;;;;;;;;;;;
;10012014;;;;;;;;;;;
;10012015;;;;;;;;;;;
;10012016;;;;;;;;;;;
;10012017;;;;;;;;;;;
;10012018;;;;;;;;;;;
;10012019;;;;;;;;;;;
;10012020;;;;;;;;;;;
;10012021;;;;;;;;;;;
;10012022;;;;;;;;;;;
;10012023;;;;;;;;;;;
;10012024;;;;;;;;;;;
;10012025;;;;;;;;;;;
;10012026;;;;;;;;;;;
;10012027;;;;;;;;;;;
;10012028;;;;;;;;;;;
;10012029;;;;;;;;;;;
;10012030;;;;;;;;;;;
;10012031;;;;;;;;;;;
;10012032;;;;;;;;;;;
;10012033;;;;;;;;;;;
;10012034;;;;;;;;;;;
;10012035;;;;;;;;;;;
;10012036;;;;;;;;;;;
;10012037;;;;;;;;;;;
;10012038;;;;;;;;;;;
;10012039;;;;;;;;;;;
;10012040;;;;;;;;;;;
;10012041;;;;;;;;;;;
;10012042;;;;;;;;;;;
;10012043;;;;;;;;;;;
;10012044;;;;;;;;;;;
;10012045;;;;;;;;;;;
;10012046;;;;;;;;;;;
;10012047;;;;;;;;;;;
;10012048;;;;;;;;;;;
;10012049;;;;;;;;;;;
;10012050;;;;;;;;;;;
;10012051;;;;;;;;;;;
;10012052;;;;;;;;;;;
;10012053;;;;;;;;;;;
;10012054;;;;;;;;;;;
;10012055;;;;;;;;;;;
;10012056;;;;;;;;;;;
;10012057;;;;;;;;;;;
;10012058;;;;;;;;;;;
;10012059;;;;;;;;;;;
;10012060;;;;;;;;;;;
;10012061;;;;;;;;;;;
;10012062;;;;;;;;;;;
;10012063;;;;;;;;;;;
;10012064;;;;;;;;;;;
;10012065;;;;;;;;;;;
;10012066;;;;;;;;;;;
;10012067;;;;;;;;;;;
;10012068;;;;;;;;;;;
;10012069;;;;;;;;;;;
;10012070;;;;;;;;;;;
;10012071;;;;;;;;;;;
;10012072;;;;;;;;;;;
;10012073;;;;;;;;;;;
;10012074;;;;;;;;;;;
;10012075;;;;;;;;;;;
;10012076;;;;;;;;;;;
;10012077;;;;;;;;;;;
;10012078;;;;;;;;;;;
;10012079;;;;;;;;;;;
;10012080;;;;;;;;;;;
;10012081;;;;;;;;;;;
;10012082;;;;;;;;;;;
;10012083;;;;;;;;;;;
;10012084;;;;;;;;;;;
;10012085;;;;;;;;;;;
;10012086;;;;;;;;;;;
;10012087;;;;;;;;;;;
;10012088;;;;;;;;;;;
;10012089;;;;;;;;;;;
;10012090;;;;;;;;;;;
;10012091;;;;;;;;;;;
;10012092;;;;;;;;;;;
;10012093;;;;;;;;;;;
;10012094;;;;;;;;;;;
;10012095;;;;;;;;;;;
;10012096;;;;;;;;;;;
;10012097;;;;;;;;;;;
;10012098;;;;;;;;;;;
;10012099;;;;;;;;;;;
;10012100;;;;;;;;;;;
;10012101;;;;;;;;;;;
;10012102;;;;;;;;;;;
;10012103;;;;;;;;;;;
;10012104;;;;;;;;;;;
;10012105;;;;;;;;;;;
;10012106;;;;;;;;;;;
;10012107;;;;;;;;;;;
;10012108;;;;;;;;;;;
;10012109;;;;;;;;;;;
;10012110;;;;;;;;;;;
;10012111;;;;;;;;;;;
;10012112;;;;;;;;;;;
;10012113;;;;;;;;;;;
;10012114;;;;;;;;;;;
;10012115;;;;;;;;;;;
;10012116;;;;;;;;;;;
;10012117;;;;;;;;;;;
;10012118;;;;;;;;;;;
;10012119;;;;;;;;;;;
;10012120;;;;;;;;;;;
;10012121;;;;;;;;;;;
;10012122;;;;;;;;;;;
;10012123;;;;;;;;;;;
;10012124;;;;;;;;;;;
;10012125;;;;;;;;;;;
;10012126;;;;;;;;;;;
;10012127;;;;;;;;;;;
;10012128;;;;;;;;;;;
;10012129;;;;;;;;;;;
;10012130;;;;;;;;;;;
;10012131;;;;;;;;;;;
;10012132;;;;;;;;;;;
;10012133;;;;;;;;;;;
;10012134;;;;;;;;;;;
;10012135;;;;;;;;;;;
;10012136;;;;;;;;;;;
;10012137;;;;;;;;;;;
;10012138;;;;;;;;;;;
;10012139;;;;;;;;;;;
;10012140;;;;;;;;;;;
;10012141;;;;;;;;;;;
;10012142;;;;;;;;;;;
;10012143;;;;;;;;;;;
;10012144;;;;;;;;;;;
;10012145;;;;;;;;;;;
;10012146;;;;;;;;;;;
;10012147;;;;;;;;;;;
;10012148;;;;;;;;;;;
;10012149;;;;;;;;;;;
;10012150;;;;;;;;;;;
;10012151;;;;;;;;;;;
;10012152;;;;;;;;;;;
;10012153;;;;;;;;;;;
;10012154;;;;;;;;;;;
;10012155;;;;;;;;;;;
;10012156;;;;;;;;;;;
;10012157;;;;;;;;;;;
;10012158;;;;;;;;;;;
;10012159;;;;;;;;;;;
;10012160;;;;;;;;;;;
;10012161;;;;;;;;;;;
;10012162;;;;;;;;;;;
;10012163;;;;;;;;;;;
;10012164;;;;;;;;;;;
;10012165;;;;;;;;;;;
;10012166;;;;;;;;;;;
;10012167;;;;;;;;;;;
;10012168;;;;;;;;;;;
;10012169;;;;;;;;;;;
;10012170;;;;;;;;;;;
;10012171;;;;;;;;;;;
;10012172;;;;;;;;;;;
;10012173;;;;;;;;;;;
;10012174;;;;;;;;;;;
;10012175;;;;;;;;;;;
;10012176;;;;;;;;;;;
;10012177;;;;;;;;;;;
;10012178;;;;;;;;;;;
;10012179;;;;;;;;;;;
;10012180;;;;;;;;;;;
;10012181;;;;;;;;;;;
;10012182;;;;;;;;;;;
;10012183;;;;;;;;;;;
;10012184;;;;;;;;;;;
;10012185;;;;;;;;;;;
;10012186;;;;;;;;;;;
;10012187;;;;;;;;;;;
;10012188;;;;;;;;;;;
;10012189;;;;;;;;;;;
;10012190;;;;;;;;;;;
;10012191;;;;;;;;;;;
;10012192;;;;;;;;;;;
;10012193;;;;;;;;;;;
;10012194;;;;;;;;;;;
;10012195;;;;;;;;;;;
;10012196;;;;;;;;;;;
;10012197;;;;;;;;;;;
;10012198;;;;;;;;;;;
;10012199;;;;;;;;;;;
;10012200;;;;;;;;;;;
;10012201;;;;;;;;;;;
;10012202;;;;;;;;;;;
;10012203;;;;;;;;;;;
;10012204;;;;;;;;;;;
;10012205;;;;;;;;;;;
;10012206;;;;;;;;;;;
;10012207;;;;;;;;;;;
;10012208;;;;;;;;;;;
;10012209;;;;;;;;;;;
;10012210;;;;;;;;;;;
