idestudiante;almuerzo;Curso de preparacion para examenes;Nivel de educacion de los padres;Raza/etnia
10011001;Pago/Premiun;ninguna;licenciatura;group B
10011002;Pago/Premiun;completado;alguna educacion superior;group C
10011003;Pago/Premiun;ninguna;maestria;group B
10011004;Gratis/Reducido;ninguna;grado asociado;group A
10011005;Pago/Premiun;ninguna;alguna educacion superior;group C
10011006;Pago/Premiun;ninguna;grado asociado;group B
10011007;Pago/Premiun;completado;alguna educacion superior;group B
10011008;Gratis/Reducido;ninguna;alguna educacion superior;group B
10011009;Gratis/Reducido;completado;escuela secundaria;group D
10011010;Gratis/Reducido;ninguna;escuela secundaria;group B
10011011;Pago/Premiun;ninguna;grado asociado;group C
10011012;Pago/Premiun;ninguna;grado asociado;group D
10011013;Pago/Premiun;ninguna;escuela secundaria;group B
10011014;Pago/Premiun;completado;alguna educacion superior;group A
10011015;Pago/Premiun;ninguna;maestria;group A
10011016;Pago/Premiun;ninguna;algun instituto;group C
10011017;Pago/Premiun;ninguna;escuela secundaria;group C
10011018;Gratis/Reducido;ninguna;algun instituto;group B
10011019;Gratis/Reducido;completado;maestria;group C
10011020;Gratis/Reducido;ninguna;grado asociado;group C
10011021;Pago/Premiun;ninguna;escuela secundaria;group D
10011022;Gratis/Reducido;completado;alguna educacion superior;group B
10011023;Pago/Premiun;ninguna;alguna educacion superior;group D
10011024;Pago/Premiun;ninguna;algun instituto;group C
10011025;Gratis/Reducido;completado;licenciatura;group D
10011026;Gratis/Reducido;ninguna;maestria;group A
10011027;Pago/Premiun;ninguna;alguna educacion superior;group B
10011028;Pago/Premiun;ninguna;licenciatura;group C
10011029;Pago/Premiun;ninguna;escuela secundaria;group C
10011030;Pago/Premiun;ninguna;maestria;group D
10011031;Pago/Premiun;ninguna;alguna educacion superior;group D
10011032;Pago/Premiun;ninguna;alguna educacion superior;group B
10011033;Gratis/Reducido;ninguna;maestria;group E
10011034;Pago/Premiun;ninguna;alguna educacion superior;group D
10011035;Pago/Premiun;ninguna;alguna educacion superior;group E
10011036;Pago/Premiun;completado;grado asociado;group E
10011037;Pago/Premiun;ninguna;grado asociado;group D
10011038;Gratis/Reducido;ninguna;algun instituto;group D
10011039;Gratis/Reducido;completado;grado asociado;group D
10011040;Gratis/Reducido;ninguna;grado asociado;group B
10011041;Gratis/Reducido;ninguna;grado asociado;group C
10011042;Pago/Premiun;ninguna;grado asociado;group C
10011043;Pago/Premiun;ninguna;grado asociado;group B
10011044;Gratis/Reducido;completado;alguna educacion superior;group B
10011045;Gratis/Reducido;ninguna;grado asociado;group E
10011046;Pago/Premiun;ninguna;grado asociado;group B
10011047;Pago/Premiun;completado;grado asociado;group A
10011048;Pago/Premiun;ninguna;escuela secundaria;group C
10011049;Gratis/Reducido;completado;grado asociado;group D
10011050;Pago/Premiun;completado;escuela secundaria;group C
10011051;Pago/Premiun;ninguna;alguna educacion superior;group E
10011052;Gratis/Reducido;completado;grado asociado;group E
10011053;Pago/Premiun;ninguna;alguna educacion superior;group C
10011054;Pago/Premiun;ninguna;escuela secundaria;group D
10011055;Gratis/Reducido;completado;algun instituto;group C
10011056;Gratis/Reducido;ninguna;escuela secundaria;group C
10011057;Pago/Premiun;completado;grado asociado;group E
10011058;Pago/Premiun;ninguna;grado asociado;group D
10011059;Pago/Premiun;completado;alguna educacion superior;group D
10011060;Gratis/Reducido;ninguna;algun instituto;group C
10011061;Gratis/Reducido;completado;licenciatura;group E
10011062;Gratis/Reducido;ninguna;algun instituto;group A
10011063;Gratis/Reducido;ninguna;grado asociado;group A
10011064;Pago/Premiun;ninguna;grado asociado;group C
10011065;Pago/Premiun;ninguna;algun instituto;group D
10011066;Pago/Premiun;ninguna;algun instituto;group B
10011067;Gratis/Reducido;ninguna;algun instituto;group D
10011068;Pago/Premiun;ninguna;alguna educacion superior;group C
10011069;Gratis/Reducido;ninguna;grado asociado;group B
10011070;Pago/Premiun;ninguna;grado asociado;group C
10011071;Gratis/Reducido;completado;alguna educacion superior;group D
10011072;Pago/Premiun;completado;alguna educacion superior;group D
10011073;Gratis/Reducido;ninguna;grado asociado;group A
10011074;Gratis/Reducido;ninguna;algun instituto;group C
10011075;Pago/Premiun;ninguna;algun instituto;group C
10011076;Gratis/Reducido;ninguna;grado asociado;group B
10011077;Pago/Premiun;ninguna;algun instituto;group E
10011078;Pago/Premiun;completado;licenciatura;group A
10011079;Pago/Premiun;completado;algun instituto;group D
10011080;Pago/Premiun;ninguna;maestria;group E
10011081;Pago/Premiun;ninguna;grado asociado;group B
10011082;Gratis/Reducido;ninguna;escuela secundaria;group B
10011083;Gratis/Reducido;completado;alguna educacion superior;group A
10011084;Pago/Premiun;ninguna;grado asociado;group E
10011085;Gratis/Reducido;ninguna;escuela secundaria;group D
10011086;Pago/Premiun;ninguna;alguna educacion superior;group C
10011087;Gratis/Reducido;ninguna;alguna educacion superior;group C
10011088;Pago/Premiun;ninguna;grado asociado;group D
10011089;Pago/Premiun;ninguna;alguna educacion superior;group A
10011090;Pago/Premiun;ninguna;algun instituto;group D
10011091;Pago/Premiun;ninguna;licenciatura;group C
10011092;Gratis/Reducido;ninguna;escuela secundaria;group C
10011093;Pago/Premiun;ninguna;escuela secundaria;group C
10011094;Gratis/Reducido;completado;grado asociado;group C
10011095;Pago/Premiun;ninguna;alguna educacion superior;group B
10011096;Gratis/Reducido;completado;grado asociado;group C
10011097;Pago/Premiun;completado;algun instituto;group B
10011098;Pago/Premiun;completado;alguna educacion superior;group E
10011099;Gratis/Reducido;ninguna;alguna educacion superior;group D
10011100;Pago/Premiun;ninguna;licenciatura;group D
10011101;Pago/Premiun;ninguna;alguna educacion superior;group B
10011102;Pago/Premiun;completado;licenciatura;group D
10011103;Pago/Premiun;ninguna;grado asociado;group D
10011104;Pago/Premiun;completado;escuela secundaria;group B
10011105;Pago/Premiun;completado;alguna educacion superior;group C
10011106;Pago/Premiun;ninguna;alguna educacion superior;group C
10011107;Pago/Premiun;ninguna;maestria;group D
10011108;Pago/Premiun;completado;grado asociado;group E
10011109;Gratis/Reducido;ninguna;grado asociado;group B
10011110;Pago/Premiun;ninguna;algun instituto;group B
10011111;Gratis/Reducido;completado;grado asociado;group D
10011112;Pago/Premiun;ninguna;escuela secundaria;group C
10011113;Pago/Premiun;ninguna;grado asociado;group A
10011114;Pago/Premiun;ninguna;alguna educacion superior;group D
10011115;Pago/Premiun;completado;licenciatura;group E
10011116;Pago/Premiun;ninguna;escuela secundaria;group C
10011117;Gratis/Reducido;ninguna;licenciatura;group B
10011118;Pago/Premiun;ninguna;licenciatura;group D
10011119;Pago/Premiun;ninguna;algun instituto;group D
10011120;Pago/Premiun;ninguna;alguna educacion superior;group C
10011121;Pago/Premiun;completado;licenciatura;group C
10011122;Pago/Premiun;completado;grado asociado;group B
10011123;Pago/Premiun;completado;alguna educacion superior;group C
10011124;Gratis/Reducido;ninguna;escuela secundaria;group D
10011125;Pago/Premiun;ninguna;alguna educacion superior;group E
10011126;Pago/Premiun;ninguna;escuela secundaria;group B
10011127;Pago/Premiun;ninguna;algun instituto;group B
10011128;Pago/Premiun;completado;alguna educacion superior;group D
10011129;Pago/Premiun;ninguna;maestria;group D
10011130;Pago/Premiun;ninguna;licenciatura;group A
10011131;Pago/Premiun;ninguna;maestria;group D
10011132;Gratis/Reducido;completado;algun instituto;group C
10011133;Gratis/Reducido;completado;alguna educacion superior;group E
10011134;Pago/Premiun;completado;alguna educacion superior;group C
10011135;Gratis/Reducido;completado;licenciatura;group D
10011136;Pago/Premiun;ninguna;licenciatura;group C
10011137;Pago/Premiun;completado;algun instituto;group B
10011138;Pago/Premiun;ninguna;escuela secundaria;group E
10011139;Pago/Premiun;ninguna;grado asociado;group C
10011140;Pago/Premiun;completado;alguna educacion superior;group D
10011141;Pago/Premiun;ninguna;algun instituto;group D
10011142;Gratis/Reducido;ninguna;alguna educacion superior;group C
10011143;Gratis/Reducido;completado;alguna educacion superior;group E
10011144;Pago/Premiun;ninguna;escuela secundaria;group A
10011145;Pago/Premiun;ninguna;alguna educacion superior;group D
10011146;Gratis/Reducido;ninguna;alguna educacion superior;group C
10011147;Pago/Premiun;ninguna;algun instituto;group B
10011148;Gratis/Reducido;ninguna;grado asociado;group C
10011149;Pago/Premiun;completado;licenciatura;group D
10011150;Gratis/Reducido;completado;grado asociado;group E
10011151;Pago/Premiun;completado;algun instituto;group A
10011152;Pago/Premiun;ninguna;licenciatura;group A
10011153;Pago/Premiun;completado;grado asociado;group B
10011154;Pago/Premiun;ninguna;licenciatura;group D
10011155;Pago/Premiun;ninguna;algun instituto;group D
10011156;Pago/Premiun;completado;alguna educacion superior;group C
10011157;Gratis/Reducido;completado;escuela secundaria;group E
10011158;Gratis/Reducido;ninguna;alguna educacion superior;group B
10011159;Pago/Premiun;completado;grado asociado;group B
10011160;Gratis/Reducido;ninguna;grado asociado;group D
10011161;Gratis/Reducido;completado;grado asociado;group B
10011162;Gratis/Reducido;completado;alguna educacion superior;group E
10011163;Gratis/Reducido;ninguna;maestria;group B
10011164;Pago/Premiun;ninguna;escuela secundaria;group C
10011165;Pago/Premiun;ninguna;maestria;group E
10011166;Pago/Premiun;completado;licenciatura;group C
10011167;Gratis/Reducido;completado;escuela secundaria;group C
10011168;Gratis/Reducido;completado;maestria;group B
10011169;Pago/Premiun;completado;escuela secundaria;group B
10011170;Gratis/Reducido;completado;alguna educacion superior;group C
10011171;Pago/Premiun;completado;escuela secundaria;group A
10011172;Pago/Premiun;ninguna;algun instituto;group E
10011173;Pago/Premiun;ninguna;alguna educacion superior;group D
10011174;Pago/Premiun;ninguna;grado asociado;group C
10011175;Gratis/Reducido;completado;licenciatura;group C
10011176;Pago/Premiun;completado;maestria;group C
10011177;Gratis/Reducido;completado;escuela secundaria;group B
10011178;Pago/Premiun;completado;grado asociado;group C
10011179;Gratis/Reducido;completado;maestria;group B
10011180;Pago/Premiun;completado;algun instituto;group D
10011181;Gratis/Reducido;completado;maestria;group C
10011182;Gratis/Reducido;ninguna;alguna educacion superior;group C
10011183;Pago/Premiun;ninguna;escuela secundaria;group E
10011184;Pago/Premiun;ninguna;grado asociado;group D
10011185;Gratis/Reducido;completado;algun instituto;group C
10011186;Gratis/Reducido;completado;grado asociado;group C
10011187;Pago/Premiun;ninguna;escuela secundaria;group E
10011188;Pago/Premiun;completado;algun instituto;group D
10011189;Gratis/Reducido;ninguna;algun instituto;group B
10011190;Pago/Premiun;ninguna;licenciatura;group C
10011191;Pago/Premiun;ninguna;grado asociado;group E
10011192;Pago/Premiun;completado;alguna educacion superior;group D
10011193;Pago/Premiun;ninguna;algun instituto;group B
10011194;Pago/Premiun;completado;alguna educacion superior;group D
10011195;Pago/Premiun;completado;maestria;group C
10011196;Pago/Premiun;ninguna;grado asociado;group D
10011197;Gratis/Reducido;completado;algun instituto;group C
10011198;Gratis/Reducido;ninguna;escuela secundaria;group E
10011199;Gratis/Reducido;ninguna;alguna educacion superior;group B
10011200;Gratis/Reducido;ninguna;licenciatura;group B
10011201;Pago/Premiun;completado;grado asociado;group C
10011202;Gratis/Reducido;ninguna;alguna educacion superior;group D
10011203;Pago/Premiun;ninguna;grado asociado;group C
10011204;Pago/Premiun;ninguna;grado asociado;group B
10011205;Pago/Premiun;ninguna;alguna educacion superior;group C
10011206;Pago/Premiun;completado;algun instituto;group D
10011207;Pago/Premiun;ninguna;licenciatura;group E
10011208;Pago/Premiun;completado;escuela secundaria;group E
10011209;Gratis/Reducido;ninguna;alguna educacion superior;group B
10011210;Gratis/Reducido;ninguna;alguna educacion superior;group B
10011211;Gratis/Reducido;completado;algun instituto;group D
10011212;Gratis/Reducido;ninguna;alguna educacion superior;group C
10011213;Gratis/Reducido;ninguna;escuela secundaria;group C
10011214;Gratis/Reducido;completado;grado asociado;group C
10011215;Pago/Premiun;completado;escuela secundaria;group E
10011216;Pago/Premiun;completado;algun instituto;group B
10011217;Gratis/Reducido;completado;grado asociado;group E
10011218;Gratis/Reducido;ninguna;escuela secundaria;group C
10011219;Gratis/Reducido;ninguna;escuela secundaria;group B
10011220;Pago/Premiun;completado;algun instituto;group B
10011221;Pago/Premiun;completado;escuela secundaria;group D
10011222;Pago/Premiun;ninguna;grado asociado;group B
10011223;Gratis/Reducido;ninguna;algun instituto;group C
10011224;Pago/Premiun;ninguna;algun instituto;group D
10011225;Pago/Premiun;completado;grado asociado;group B
10011226;Gratis/Reducido;ninguna;maestria;group E
10011227;Pago/Premiun;ninguna;alguna educacion superior;group C
10011228;Pago/Premiun;ninguna;escuela secundaria;group D
10011229;Gratis/Reducido;ninguna;algun instituto;group A
10011230;Pago/Premiun;completado;alguna educacion superior;group C
10011231;Pago/Premiun;ninguna;alguna educacion superior;group D
10011232;Pago/Premiun;ninguna;grado asociado;group C
10011233;Pago/Premiun;ninguna;licenciatura;group B
10011234;Pago/Premiun;ninguna;algun instituto;group E
10011235;Pago/Premiun;completado;licenciatura;group C
10011236;Pago/Premiun;ninguna;grado asociado;group D
10011237;Gratis/Reducido;ninguna;licenciatura;group D
10011238;Pago/Premiun;completado;algun instituto;group D
10011239;Pago/Premiun;ninguna;alguna educacion superior;group B
10011240;Pago/Premiun;ninguna;grado asociado;group C
10011241;Gratis/Reducido;completado;escuela secundaria;group D
10011242;Pago/Premiun;ninguna;licenciatura;group E
10011243;Pago/Premiun;ninguna;escuela secundaria;group D
10011244;Pago/Premiun;ninguna;alguna educacion superior;group E
10011245;Pago/Premiun;ninguna;algun instituto;group D
10011246;Pago/Premiun;ninguna;grado asociado;group C
10011247;Pago/Premiun;ninguna;grado asociado;group E
10011248;Pago/Premiun;completado;escuela secundaria;group B
10011249;Pago/Premiun;ninguna;escuela secundaria;group B
10011250;Pago/Premiun;ninguna;escuela secundaria;group C
10011251;Pago/Premiun;completado;algun instituto;group A
10011252;Gratis/Reducido;ninguna;alguna educacion superior;group D
10011253;Pago/Premiun;completado;algun instituto;group B
10011254;Pago/Premiun;ninguna;maestria;group D
10011255;Pago/Premiun;ninguna;escuela secundaria;group D
10011256;Pago/Premiun;ninguna;alguna educacion superior;group E
10011257;Gratis/Reducido;ninguna;grado asociado;group C
10011258;Pago/Premiun;completado;grado asociado;group C
10011259;Pago/Premiun;ninguna;alguna educacion superior;group B
10011260;Gratis/Reducido;completado;maestria;group C
10011261;Gratis/Reducido;completado;algun instituto;group C
10011262;Pago/Premiun;completado;alguna educacion superior;group C
10011263;Gratis/Reducido;ninguna;algun instituto;group C
10011264;Pago/Premiun;ninguna;escuela secundaria;group E
10011265;Pago/Premiun;ninguna;escuela secundaria;group D
10011266;Gratis/Reducido;ninguna;algun instituto;group D
10011267;Pago/Premiun;ninguna;licenciatura;group C
10011268;Pago/Premiun;ninguna;escuela secundaria;group D
10011269;Pago/Premiun;completado;grado asociado;group D
10011270;Gratis/Reducido;ninguna;alguna educacion superior;group E
10011271;Pago/Premiun;ninguna;licenciatura;group C
10011272;Pago/Premiun;ninguna;alguna educacion superior;group C
10011273;Gratis/Reducido;ninguna;grado asociado;group D
10011274;Pago/Premiun;ninguna;alguna educacion superior;group D
10011275;Pago/Premiun;completado;alguna educacion superior;group B
10011276;Pago/Premiun;ninguna;licenciatura;group C
10011277;Pago/Premiun;completado;algun instituto;group C
10011278;Pago/Premiun;completado;escuela secundaria;group E
10011279;Gratis/Reducido;ninguna;algun instituto;group C
10011280;Gratis/Reducido;ninguna;licenciatura;group B
10011281;Pago/Premiun;ninguna;escuela secundaria;group D
10011282;Pago/Premiun;ninguna;escuela secundaria;group D
10011283;Gratis/Reducido;ninguna;licenciatura;group D
10011284;Gratis/Reducido;completado;alguna educacion superior;group D
10011285;Pago/Premiun;ninguna;algun instituto;group B
10011286;Pago/Premiun;completado;grado asociado;group B
10011287;Pago/Premiun;completado;grado asociado;group E
10011288;Pago/Premiun;ninguna;algun instituto;group B
10011289;Gratis/Reducido;ninguna;licenciatura;group B
10011290;Pago/Premiun;completado;algun instituto;group E
10011291;Pago/Premiun;ninguna;grado asociado;group C
10011292;Pago/Premiun;ninguna;algun instituto;group D
10011293;Pago/Premiun;completado;algun instituto;group C
10011294;Pago/Premiun;ninguna;licenciatura;group E
10011295;Gratis/Reducido;completado;escuela secundaria;group D
10011296;Gratis/Reducido;ninguna;grado asociado;group B
10011297;Pago/Premiun;completado;algun instituto;group A
10011298;Pago/Premiun;completado;grado asociado;group E
10011299;Gratis/Reducido;completado;escuela secundaria;group C
10011300;Gratis/Reducido;ninguna;grado asociado;group D
10011301;Gratis/Reducido;completado;alguna educacion superior;group A
10011302;Gratis/Reducido;ninguna;algun instituto;group D
10011303;Pago/Premiun;completado;grado asociado;group C
10011304;Pago/Premiun;ninguna;grado asociado;group B
10011305;Pago/Premiun;completado;grado asociado;group C
10011306;Pago/Premiun;ninguna;alguna educacion superior;group A
10011307;Pago/Premiun;completado;alguna educacion superior;group E
10011308;Pago/Premiun;ninguna;algun instituto;group C
10011309;Gratis/Reducido;ninguna;grado asociado;group B
10011310;Gratis/Reducido;ninguna;escuela secundaria;group D
10011311;Pago/Premiun;ninguna;grado asociado;group B
10011312;Pago/Premiun;ninguna;licenciatura;group B
10011313;Pago/Premiun;completado;licenciatura;group D
10011314;Gratis/Reducido;completado;grado asociado;group C
10011315;Pago/Premiun;completado;licenciatura;group C
10011316;Pago/Premiun;ninguna;escuela secundaria;group C
10011317;Pago/Premiun;completado;maestria;group D
10011318;Pago/Premiun;ninguna;grado asociado;group C
10011319;Pago/Premiun;ninguna;licenciatura;group B
10011320;Gratis/Reducido;ninguna;grado asociado;group D
10011321;Gratis/Reducido;completado;escuela secundaria;group C
10011322;Pago/Premiun;ninguna;escuela secundaria;group E
10011323;Pago/Premiun;ninguna;alguna educacion superior;group C
10011324;Gratis/Reducido;ninguna;algun instituto;group C
10011325;Gratis/Reducido;ninguna;escuela secundaria;group C
10011326;Pago/Premiun;ninguna;alguna educacion superior;group C
10011327;Pago/Premiun;ninguna;alguna educacion superior;group C
10011328;Gratis/Reducido;ninguna;alguna educacion superior;group A
10011329;Pago/Premiun;completado;grado asociado;group C
10011330;Pago/Premiun;ninguna;algun instituto;group B
10011331;Pago/Premiun;ninguna;escuela secundaria;group C
10011332;Pago/Premiun;ninguna;grado asociado;group C
10011333;Pago/Premiun;completado;grado asociado;group E
10011334;Pago/Premiun;ninguna;grado asociado;group B
10011335;Pago/Premiun;ninguna;licenciatura;group C
10011336;Gratis/Reducido;ninguna;alguna educacion superior;group B
10011337;Pago/Premiun;completado;algun instituto;group D
10011338;Pago/Premiun;ninguna;grado asociado;group C
10011339;Gratis/Reducido;ninguna;algun instituto;group B
10011340;Gratis/Reducido;completado;algun instituto;group D
10011341;Gratis/Reducido;ninguna;escuela secundaria;group C
10011342;Pago/Premiun;ninguna;escuela secundaria;group C
10011343;Pago/Premiun;completado;escuela secundaria;group B
10011344;Pago/Premiun;completado;grado asociado;group D
10011345;Pago/Premiun;ninguna;alguna educacion superior;group D
10011346;Pago/Premiun;ninguna;escuela secundaria;group C
10011347;Pago/Premiun;ninguna;alguna educacion superior;group B
10011348;Pago/Premiun;completado;licenciatura;group C
10011349;Gratis/Reducido;ninguna;escuela secundaria;group D
10011350;Pago/Premiun;ninguna;grado asociado;group E
10011351;Pago/Premiun;ninguna;licenciatura;group B
10011352;Pago/Premiun;ninguna;alguna educacion superior;group E
10011353;Pago/Premiun;completado;alguna educacion superior;group C
10011354;Pago/Premiun;ninguna;grado asociado;group C
10011355;Pago/Premiun;ninguna;alguna educacion superior;group C
10011356;Pago/Premiun;ninguna;licenciatura;group B
10011357;Pago/Premiun;ninguna;grado asociado;group A
10011358;Gratis/Reducido;completado;alguna educacion superior;group C
10011359;Gratis/Reducido;ninguna;alguna educacion superior;group D
10011360;Pago/Premiun;ninguna;alguna educacion superior;group D
10011361;Pago/Premiun;ninguna;escuela secundaria;group B
10011362;Pago/Premiun;completado;algun instituto;group B
10011363;Pago/Premiun;ninguna;alguna educacion superior;group C
10011364;Gratis/Reducido;ninguna;algun instituto;group D
10011365;Pago/Premiun;ninguna;alguna educacion superior;group C
10011366;Gratis/Reducido;completado;licenciatura;group A
10011367;Pago/Premiun;completado;escuela secundaria;group C
10011368;Gratis/Reducido;ninguna;licenciatura;group C
10011369;Gratis/Reducido;ninguna;algun instituto;group A
10011370;Pago/Premiun;ninguna;algun instituto;group D
10011371;Pago/Premiun;ninguna;alguna educacion superior;group E
10011372;Gratis/Reducido;completado;alguna educacion superior;group C
10011373;Pago/Premiun;ninguna;algun instituto;group D
10011374;Pago/Premiun;completado;alguna educacion superior;group D
10011375;Pago/Premiun;ninguna;licenciatura;group D
10011376;Gratis/Reducido;ninguna;grado asociado;group E
10011377;Pago/Premiun;ninguna;algun instituto;group D
10011378;Gratis/Reducido;completado;maestria;group D
10011379;Pago/Premiun;ninguna;algun instituto;group A
10011380;Pago/Premiun;ninguna;licenciatura;group A
10011381;Pago/Premiun;ninguna;grado asociado;group B
10011382;Pago/Premiun;completado;grado asociado;group C
10011383;Gratis/Reducido;ninguna;maestria;group C
10011384;Gratis/Reducido;ninguna;algun instituto;group E
10011385;Gratis/Reducido;ninguna;algun instituto;group A
10011386;Pago/Premiun;ninguna;alguna educacion superior;group E
10011387;Pago/Premiun;ninguna;licenciatura;group E
10011388;Gratis/Reducido;ninguna;grado asociado;group C
10011389;Pago/Premiun;ninguna;escuela secundaria;group D
10011390;Pago/Premiun;ninguna;maestria;group D
10011391;Gratis/Reducido;completado;algun instituto;group E
10011392;Pago/Premiun;ninguna;alguna educacion superior;group D
10011393;Pago/Premiun;ninguna;alguna educacion superior;group E
10011394;Pago/Premiun;completado;grado asociado;group C
10011395;Pago/Premiun;completado;algun instituto;group C
10011396;Gratis/Reducido;ninguna;escuela secundaria;group A
10011397;Gratis/Reducido;ninguna;escuela secundaria;group B
10011398;Pago/Premiun;ninguna;grado asociado;group C
10011399;Pago/Premiun;ninguna;algun instituto;group B
10011400;Pago/Premiun;ninguna;algun instituto;group D
10011401;Pago/Premiun;completado;algun instituto;group C
10011402;Pago/Premiun;ninguna;alguna educacion superior;group A
10011403;Gratis/Reducido;ninguna;alguna educacion superior;group A
10011404;Pago/Premiun;completado;escuela secundaria;group D
10011405;Pago/Premiun;ninguna;escuela secundaria;group C
10011406;Pago/Premiun;ninguna;algun instituto;group C
10011407;Pago/Premiun;completado;grado asociado;group B
10011408;Pago/Premiun;ninguna;grado asociado;group B
10011409;Gratis/Reducido;completado;escuela secundaria;group D
10011410;Pago/Premiun;completado;grado asociado;group D
10011411;Pago/Premiun;completado;maestria;group D
10011412;Pago/Premiun;completado;alguna educacion superior;group E
10011413;Pago/Premiun;ninguna;grado asociado;group D
10011414;Pago/Premiun;completado;algun instituto;group B
10011415;Gratis/Reducido;completado;licenciatura;group C
10011416;Pago/Premiun;ninguna;escuela secundaria;group E
10011417;Pago/Premiun;completado;licenciatura;group C
10011418;Pago/Premiun;ninguna;grado asociado;group C
10011419;Pago/Premiun;ninguna;alguna educacion superior;group D
10011420;Gratis/Reducido;completado;escuela secundaria;group E
10011421;Gratis/Reducido;completado;grado asociado;group C
10011422;Pago/Premiun;completado;escuela secundaria;group D
10011423;Gratis/Reducido;completado;maestria;group D
10011424;Pago/Premiun;completado;algun instituto;group A
10011425;Gratis/Reducido;ninguna;alguna educacion superior;group B
10011426;Gratis/Reducido;ninguna;alguna educacion superior;group C
10011427;Pago/Premiun;ninguna;licenciatura;group C
10011428;Gratis/Reducido;ninguna;algun instituto;group C
10011429;Gratis/Reducido;ninguna;algun instituto;group A
10011430;Gratis/Reducido;ninguna;algun instituto;group C
10011431;Gratis/Reducido;ninguna;grado asociado;group C
10011432;Pago/Premiun;ninguna;escuela secundaria;group C
10011433;Pago/Premiun;ninguna;escuela secundaria;group C
10011434;Gratis/Reducido;ninguna;algun instituto;group A
10011435;Pago/Premiun;ninguna;algun instituto;group C
10011436;Gratis/Reducido;completado;alguna educacion superior;group C
10011437;Pago/Premiun;ninguna;grado asociado;group D
10011438;Gratis/Reducido;ninguna;grado asociado;group D
10011439;Pago/Premiun;ninguna;escuela secundaria;group C
10011440;Pago/Premiun;completado;algun instituto;group D
10011441;Pago/Premiun;completado;alguna educacion superior;group C
10011442;Pago/Premiun;ninguna;escuela secundaria;group D
10011443;Gratis/Reducido;ninguna;algun instituto;group A
10011444;Pago/Premiun;ninguna;grado asociado;group B
10011445;Gratis/Reducido;ninguna;algun instituto;group A
10011446;Pago/Premiun;completado;algun instituto;group C
10011447;Gratis/Reducido;ninguna;alguna educacion superior;group D
10011448;Pago/Premiun;completado;escuela secundaria;group C
10011449;Pago/Premiun;ninguna;escuela secundaria;group B
10011450;Pago/Premiun;ninguna;grado asociado;group B
10011451;Gratis/Reducido;completado;alguna educacion superior;group C
10011452;Pago/Premiun;ninguna;alguna educacion superior;group E
10011453;Gratis/Reducido;ninguna;grado asociado;group C
10011454;Gratis/Reducido;ninguna;alguna educacion superior;group C
10011455;Gratis/Reducido;ninguna;grado asociado;group C
10011456;Gratis/Reducido;ninguna;licenciatura;group C
10011457;Pago/Premiun;ninguna;licenciatura;group D
10011458;Gratis/Reducido;ninguna;grado asociado;group D
10011459;Pago/Premiun;ninguna;licenciatura;group E
10011460;Pago/Premiun;completado;escuela secundaria;group B
10011461;Gratis/Reducido;ninguna;licenciatura;group C
10011462;Gratis/Reducido;ninguna;alguna educacion superior;group B
10011463;Pago/Premiun;ninguna;alguna educacion superior;group E
10011464;Gratis/Reducido;ninguna;alguna educacion superior;group C
10011465;Pago/Premiun;completado;licenciatura;group A
10011466;Pago/Premiun;ninguna;alguna educacion superior;group C
10011467;Gratis/Reducido;ninguna;grado asociado;group D
10011468;Gratis/Reducido;completado;escuela secundaria;group A
10011469;Gratis/Reducido;completado;escuela secundaria;group A
10011470;Pago/Premiun;ninguna;alguna educacion superior;group C
10011471;Pago/Premiun;completado;grado asociado;group C
10011472;Pago/Premiun;ninguna;escuela secundaria;group C
10011473;Pago/Premiun;completado;grado asociado;group C
10011474;Pago/Premiun;ninguna;algun instituto;group D
10011475;Pago/Premiun;completado;grado asociado;group B
10011476;Pago/Premiun;completado;licenciatura;group D
10011477;Pago/Premiun;completado;licenciatura;group E
10011478;Pago/Premiun;ninguna;grado asociado;group D
10011479;Pago/Premiun;ninguna;maestria;group D
10011480;Pago/Premiun;ninguna;grado asociado;group E
10011481;Pago/Premiun;completado;escuela secundaria;group B
10011482;Gratis/Reducido;ninguna;grado asociado;group D
10011483;Gratis/Reducido;ninguna;alguna educacion superior;group C
10011484;Pago/Premiun;ninguna;escuela secundaria;group A
10011485;Pago/Premiun;ninguna;grado asociado;group B
10011486;Pago/Premiun;ninguna;escuela secundaria;group C
10011487;Gratis/Reducido;ninguna;alguna educacion superior;group D
10011488;Gratis/Reducido;ninguna;grado asociado;group C
10011489;Pago/Premiun;completado;algun instituto;group B
10011490;Gratis/Reducido;completado;grado asociado;group A
10011491;Gratis/Reducido;ninguna;grado asociado;group A
10011492;Pago/Premiun;ninguna;grado asociado;group C
10011493;Pago/Premiun;ninguna;alguna educacion superior;group C
10011494;Pago/Premiun;ninguna;licenciatura;group C
10011495;Pago/Premiun;ninguna;escuela secundaria;group B
10011496;Pago/Premiun;completado;escuela secundaria;group D
10011497;Pago/Premiun;ninguna;alguna educacion superior;group C
10011498;Gratis/Reducido;completado;alguna educacion superior;group D
10011499;Pago/Premiun;ninguna;algun instituto;group B
10011500;Pago/Premiun;ninguna;alguna educacion superior;group E
10011501;Pago/Premiun;ninguna;maestria;group D
10011502;Pago/Premiun;completado;grado asociado;group B
10011503;Gratis/Reducido;ninguna;alguna educacion superior;group C
10011504;Pago/Premiun;completado;grado asociado;group E
10011505;Gratis/Reducido;ninguna;maestria;group D
10011506;Pago/Premiun;ninguna;algun instituto;group B
10011507;Pago/Premiun;ninguna;escuela secundaria;group A
10011508;Gratis/Reducido;ninguna;licenciatura;group B
10011509;Pago/Premiun;ninguna;maestria;group C
10011510;Pago/Premiun;ninguna;licenciatura;group C
10011511;Pago/Premiun;ninguna;alguna educacion superior;group D
10011512;Pago/Premiun;ninguna;algun instituto;group A
10011513;Gratis/Reducido;ninguna;algun instituto;group D
10011514;Pago/Premiun;completado;algun instituto;group B
10011515;Gratis/Reducido;completado;maestria;group B
10011516;Pago/Premiun;completado;algun instituto;group C
10011517;Pago/Premiun;ninguna;alguna educacion superior;group D
10011518;Pago/Premiun;completado;alguna educacion superior;group E
10011519;Pago/Premiun;completado;algun instituto;group D
10011520;Gratis/Reducido;completado;escuela secundaria;group B
10011521;Pago/Premiun;ninguna;alguna educacion superior;group D
10011522;Pago/Premiun;ninguna;grado asociado;group C
10011523;Pago/Premiun;ninguna;licenciatura;group D
10011524;Gratis/Reducido;ninguna;maestria;group C
10011525;Pago/Premiun;completado;escuela secundaria;group C
10011526;Pago/Premiun;ninguna;alguna educacion superior;group E
10011527;Gratis/Reducido;completado;algun instituto;group C
10011528;Gratis/Reducido;ninguna;escuela secundaria;group C
10011529;Gratis/Reducido;ninguna;licenciatura;group D
10011530;Pago/Premiun;ninguna;grado asociado;group C
10011531;Pago/Premiun;completado;grado asociado;group C
10011532;Pago/Premiun;ninguna;algun instituto;group C
10011533;Pago/Premiun;completado;grado asociado;group E
10011534;Pago/Premiun;completado;grado asociado;group E
10011535;Pago/Premiun;completado;escuela secundaria;group B
10011536;Gratis/Reducido;completado;licenciatura;group C
10011537;Pago/Premiun;completado;grado asociado;group C
10011538;Pago/Premiun;ninguna;escuela secundaria;group D
10011539;Pago/Premiun;completado;licenciatura;group E
10011540;Pago/Premiun;completado;grado asociado;group A
10011541;Pago/Premiun;completado;escuela secundaria;group C
10011542;Gratis/Reducido;completado;grado asociado;group D
10011543;Pago/Premiun;ninguna;grado asociado;group C
10011544;Pago/Premiun;ninguna;grado asociado;group D
10011545;Pago/Premiun;ninguna;maestria;group D
10011546;Gratis/Reducido;completado;algun instituto;group E
10011547;Pago/Premiun;completado;algun instituto;group A
10011548;Pago/Premiun;completado;escuela secundaria;group C
10011549;Gratis/Reducido;ninguna;escuela secundaria;group C
10011550;Pago/Premiun;ninguna;maestria;group C
10011551;Gratis/Reducido;ninguna;algun instituto;group C
10011552;Gratis/Reducido;completado;licenciatura;group B
10011553;Pago/Premiun;ninguna;grado asociado;group B
10011554;Gratis/Reducido;ninguna;alguna educacion superior;group D
10011555;Pago/Premiun;ninguna;grado asociado;group E
10011556;Gratis/Reducido;ninguna;alguna educacion superior;group C
10011557;Pago/Premiun;completado;grado asociado;group C
10011558;Gratis/Reducido;ninguna;maestria;group C
10011559;Gratis/Reducido;ninguna;grado asociado;group B
10011560;Pago/Premiun;ninguna;algun instituto;group D
10011561;Pago/Premiun;completado;alguna educacion superior;group D
10011562;Pago/Premiun;ninguna;alguna educacion superior;group C
10011563;Pago/Premiun;completado;licenciatura;group C
10011564;Gratis/Reducido;completado;alguna educacion superior;group D
10011565;Gratis/Reducido;ninguna;licenciatura;group B
10011566;Pago/Premiun;ninguna;grado asociado;group B
10011567;Gratis/Reducido;completado;licenciatura;group E
10011568;Gratis/Reducido;completado;maestria;group D
10011569;Gratis/Reducido;ninguna;escuela secundaria;group B
10011570;Gratis/Reducido;ninguna;licenciatura;group D
10011571;Pago/Premiun;completado;alguna educacion superior;group B
10011572;Pago/Premiun;ninguna;licenciatura;group A
10011573;Pago/Premiun;ninguna;alguna educacion superior;group C
10011574;Gratis/Reducido;completado;escuela secundaria;group C
10011575;Pago/Premiun;ninguna;escuela secundaria;group E
10011576;Gratis/Reducido;completado;grado asociado;group A
10011577;Pago/Premiun;completado;alguna educacion superior;group A
10011578;Pago/Premiun;ninguna;escuela secundaria;group B
10011579;Gratis/Reducido;completado;alguna educacion superior;group B
10011580;Pago/Premiun;ninguna;maestria;group D
10011581;Pago/Premiun;ninguna;algun instituto;group D
10011582;Pago/Premiun;ninguna;algun instituto;group E
10011583;Gratis/Reducido;ninguna;licenciatura;group D
10011584;Pago/Premiun;completado;grado asociado;group D
10011585;Pago/Premiun;ninguna;alguna educacion superior;group D
10011586;Pago/Premiun;ninguna;grado asociado;group C
10011587;Pago/Premiun;ninguna;escuela secundaria;group A
10011588;Gratis/Reducido;ninguna;licenciatura;group C
10011589;Pago/Premiun;ninguna;alguna educacion superior;group C
10011590;Pago/Premiun;ninguna;algun instituto;group A
10011591;Gratis/Reducido;ninguna;alguna educacion superior;group C
10011592;Pago/Premiun;ninguna;algun instituto;group A
10011593;Pago/Premiun;ninguna;licenciatura;group E
10011594;Pago/Premiun;ninguna;escuela secundaria;group E
10011595;Pago/Premiun;completado;licenciatura;group C
10011596;Pago/Premiun;completado;licenciatura;group C
10011597;Gratis/Reducido;ninguna;escuela secundaria;group B
10011598;Pago/Premiun;ninguna;algun instituto;group A
10011599;Pago/Premiun;ninguna;escuela secundaria;group D
10011600;Pago/Premiun;ninguna;algun instituto;group D
10011601;Pago/Premiun;ninguna;maestria;group D
10011602;Pago/Premiun;ninguna;escuela secundaria;group C
10011603;Pago/Premiun;ninguna;alguna educacion superior;group E
10011604;Gratis/Reducido;ninguna;escuela secundaria;group D
10011605;Gratis/Reducido;completado;maestria;group D
10011606;Pago/Premiun;ninguna;algun instituto;group C
10011607;Pago/Premiun;ninguna;grado asociado;group C
10011608;Gratis/Reducido;ninguna;maestria;group C
10011609;Pago/Premiun;ninguna;alguna educacion superior;group E
10011610;Pago/Premiun;ninguna;grado asociado;group B
10011611;Gratis/Reducido;completado;alguna educacion superior;group D
10011612;Pago/Premiun;ninguna;alguna educacion superior;group C
10011613;Pago/Premiun;completado;licenciatura;group C
10011614;Pago/Premiun;ninguna;grado asociado;group C
10011615;Pago/Premiun;ninguna;grado asociado;group A
10011616;Pago/Premiun;ninguna;escuela secundaria;group C
10011617;Pago/Premiun;ninguna;licenciatura;group E
10011618;Pago/Premiun;ninguna;licenciatura;group D
10011619;Pago/Premiun;ninguna;maestria;group D
10011620;Gratis/Reducido;completado;grado asociado;group C
10011621;Gratis/Reducido;ninguna;escuela secundaria;group C
10011622;Gratis/Reducido;ninguna;licenciatura;group B
10011623;Gratis/Reducido;completado;escuela secundaria;group C
10011624;Pago/Premiun;completado;alguna educacion superior;group A
10011625;Gratis/Reducido;ninguna;licenciatura;group E
10011626;Pago/Premiun;completado;alguna educacion superior;group D
10011627;Gratis/Reducido;completado;grado asociado;group B
10011628;Pago/Premiun;ninguna;grado asociado;group D
10011629;Gratis/Reducido;ninguna;alguna educacion superior;group D
10011630;Pago/Premiun;completado;algun instituto;group C
10011631;Pago/Premiun;ninguna;alguna educacion superior;group D
10011632;Pago/Premiun;ninguna;escuela secundaria;group B
10011633;Pago/Premiun;completado;licenciatura;group B
10011634;Pago/Premiun;ninguna;escuela secundaria;group C
10011635;Pago/Premiun;ninguna;algun instituto;group D
10011636;Pago/Premiun;ninguna;escuela secundaria;group A
10011637;Gratis/Reducido;completado;escuela secundaria;group B
10011638;Pago/Premiun;completado;algun instituto;group D
10011639;Pago/Premiun;ninguna;alguna educacion superior;group E
10011640;Pago/Premiun;ninguna;grado asociado;group D
10011641;Pago/Premiun;ninguna;escuela secundaria;group D
10011642;Gratis/Reducido;completado;grado asociado;group D
10011643;Gratis/Reducido;ninguna;algun instituto;group B
10011644;Pago/Premiun;completado;escuela secundaria;group E
10011645;Pago/Premiun;ninguna;escuela secundaria;group B
10011646;Pago/Premiun;completado;licenciatura;group B
10011647;Pago/Premiun;ninguna;grado asociado;group D
10011648;Gratis/Reducido;ninguna;escuela secundaria;group E
10011649;Pago/Premiun;ninguna;escuela secundaria;group B
10011650;Pago/Premiun;completado;alguna educacion superior;group D
10011651;Gratis/Reducido;completado;algun instituto;group C
10011652;Pago/Premiun;completado;escuela secundaria;group A
10011653;Pago/Premiun;completado;alguna educacion superior;group D
10011654;Pago/Premiun;completado;grado asociado;group A
10011655;Pago/Premiun;ninguna;algun instituto;group B
10011656;Pago/Premiun;ninguna;alguna educacion superior;group B
10011657;Gratis/Reducido;ninguna;grado asociado;group C
10011658;Pago/Premiun;ninguna;algun instituto;group D
10011659;Gratis/Reducido;ninguna;grado asociado;group D
10011660;Pago/Premiun;ninguna;grado asociado;group D
10011661;Gratis/Reducido;ninguna;alguna educacion superior;group C
10011662;Pago/Premiun;ninguna;algun instituto;group C
10011663;Gratis/Reducido;ninguna;alguna educacion superior;group D
10011664;Pago/Premiun;ninguna;escuela secundaria;group C
10011665;Pago/Premiun;ninguna;grado asociado;group D
10011666;Gratis/Reducido;completado;algun instituto;group C
10011667;Gratis/Reducido;completado;alguna educacion superior;group C
10011668;Gratis/Reducido;ninguna;licenciatura;group B
10011669;Pago/Premiun;ninguna;alguna educacion superior;group C
10011670;Pago/Premiun;completado;grado asociado;group D
10011671;Gratis/Reducido;ninguna;escuela secundaria;group C
10011672;Gratis/Reducido;ninguna;grado asociado;group D
10011673;Pago/Premiun;ninguna;alguna educacion superior;group C
10011674;Pago/Premiun;completado;grado asociado;group C
10011675;Pago/Premiun;completado;escuela secundaria;group D
10011676;Pago/Premiun;completado;alguna educacion superior;group B
10011677;Pago/Premiun;completado;alguna educacion superior;group E
10011678;Pago/Premiun;completado;algun instituto;group C
10011679;Gratis/Reducido;ninguna;grado asociado;group D
10011680;Gratis/Reducido;ninguna;alguna educacion superior;group D
10011681;Pago/Premiun;ninguna;escuela secundaria;group D
10011682;Pago/Premiun;ninguna;escuela secundaria;group B
10011683;Pago/Premiun;ninguna;escuela secundaria;group B
10011684;Gratis/Reducido;completado;algun instituto;group C
10011685;Pago/Premiun;completado;alguna educacion superior;group B
10011686;Pago/Premiun;completado;maestria;group E
10011687;Pago/Premiun;completado;alguna educacion superior;group E
10011688;Gratis/Reducido;ninguna;grado asociado;group D
10011689;Gratis/Reducido;ninguna;escuela secundaria;group A
10011690;Gratis/Reducido;ninguna;alguna educacion superior;group E
10011691;Pago/Premiun;ninguna;grado asociado;group C
10011692;Gratis/Reducido;ninguna;grado asociado;group E
10011693;Gratis/Reducido;completado;licenciatura;group C
10011694;Pago/Premiun;ninguna;grado asociado;group D
10011695;Pago/Premiun;ninguna;algun instituto;group C
10011696;Gratis/Reducido;ninguna;alguna educacion superior;group D
10011697;Pago/Premiun;completado;grado asociado;group C
10011698;Pago/Premiun;ninguna;licenciatura;group A
10011699;Pago/Premiun;completado;grado asociado;group D
10011700;Gratis/Reducido;ninguna;escuela secundaria;group C
10011701;Pago/Premiun;completado;licenciatura;group E
10011702;Pago/Premiun;ninguna;algun instituto;group B
10011703;Pago/Premiun;completado;licenciatura;group A
10011704;Pago/Premiun;ninguna;alguna educacion superior;group D
10011705;Gratis/Reducido;completado;algun instituto;group B
10011706;Gratis/Reducido;ninguna;licenciatura;group A
10011707;Pago/Premiun;ninguna;escuela secundaria;group D
10011708;Pago/Premiun;ninguna;alguna educacion superior;group C
10011709;Pago/Premiun;ninguna;escuela secundaria;group D
10011710;Gratis/Reducido;completado;grado asociado;group D
10011711;Pago/Premiun;completado;alguna educacion superior;group C
10011712;Pago/Premiun;completado;algun instituto;group E
10011713;Pago/Premiun;ninguna;alguna educacion superior;group D
10011714;Pago/Premiun;ninguna;maestria;group D
10011715;Pago/Premiun;completado;algun instituto;group B
10011716;Gratis/Reducido;completado;grado asociado;group B
10011717;Pago/Premiun;completado;grado asociado;group C
10011718;Pago/Premiun;completado;grado asociado;group C
10011719;Pago/Premiun;ninguna;escuela secundaria;group C
10011720;Gratis/Reducido;completado;grado asociado;group E
10011721;Gratis/Reducido;ninguna;alguna educacion superior;group C
10011722;Gratis/Reducido;completado;algun instituto;group D
10011723;Gratis/Reducido;completado;algun instituto;group B
10011724;Pago/Premiun;ninguna;escuela secundaria;group C
10011725;Pago/Premiun;ninguna;alguna educacion superior;group B
10011726;Pago/Premiun;completado;alguna educacion superior;group E
10011727;Pago/Premiun;completado;grado asociado;group E
10011728;Pago/Premiun;completado;algun instituto;group E
10011729;Gratis/Reducido;ninguna;escuela secundaria;group D
10011730;Pago/Premiun;ninguna;alguna educacion superior;group C
10011731;Gratis/Reducido;completado;grado asociado;group B
10011732;Gratis/Reducido;ninguna;algun instituto;group A
10011733;Pago/Premiun;completado;alguna educacion superior;group C
10011734;Pago/Premiun;ninguna;algun instituto;group D
10011735;Gratis/Reducido;ninguna;alguna educacion superior;group E
10011736;Pago/Premiun;ninguna;maestria;group C
10011737;Pago/Premiun;ninguna;grado asociado;group C
10011738;Gratis/Reducido;completado;alguna educacion superior;group B
10011739;Pago/Premiun;ninguna;grado asociado;group D
10011740;Gratis/Reducido;ninguna;escuela secundaria;group C
10011741;Pago/Premiun;ninguna;licenciatura;group D
10011742;Gratis/Reducido;ninguna;grado asociado;group A
10011743;Pago/Premiun;ninguna;escuela secundaria;group C
10011744;Pago/Premiun;completado;grado asociado;group C
10011745;Gratis/Reducido;ninguna;alguna educacion superior;group B
10011746;Pago/Premiun;ninguna;grado asociado;group D
10011747;Pago/Premiun;ninguna;escuela secundaria;group D
10011748;Pago/Premiun;ninguna;alguna educacion superior;group C
10011749;Gratis/Reducido;ninguna;licenciatura;group C
10011750;Pago/Premiun;completado;alguna educacion superior;group B
10011751;Pago/Premiun;completado;algun instituto;group D
10011752;Pago/Premiun;ninguna;alguna educacion superior;group E
10011753;Gratis/Reducido;completado;maestria;group C
10011754;Pago/Premiun;completado;algun instituto;group C
10011755;Gratis/Reducido;ninguna;grado asociado;group C
10011756;Pago/Premiun;ninguna;grado asociado;group E
10011757;Pago/Premiun;ninguna;alguna educacion superior;group D
10011758;Gratis/Reducido;completado;licenciatura;group E
10011759;Gratis/Reducido;completado;alguna educacion superior;group D
10011760;Pago/Premiun;completado;alguna educacion superior;group B
10011761;Gratis/Reducido;ninguna;escuela secundaria;group C
10011762;Pago/Premiun;ninguna;algun instituto;group D
10011763;Pago/Premiun;completado;algun instituto;group D
10011764;Pago/Premiun;ninguna;escuela secundaria;group B
10011765;Pago/Premiun;ninguna;alguna educacion superior;group D
10011766;Pago/Premiun;ninguna;escuela secundaria;group B
10011767;Pago/Premiun;completado;escuela secundaria;group C
10011768;Pago/Premiun;completado;escuela secundaria;group B
10011769;Pago/Premiun;ninguna;algun instituto;group D
10011770;Gratis/Reducido;ninguna;alguna educacion superior;group A
10011771;Pago/Premiun;ninguna;escuela secundaria;group B
10011772;Pago/Premiun;ninguna;licenciatura;group D
10011773;Gratis/Reducido;completado;algun instituto;group B
10011774;Gratis/Reducido;ninguna;licenciatura;group C
10011775;Pago/Premiun;ninguna;alguna educacion superior;group B
10011776;Gratis/Reducido;ninguna;algun instituto;group B
10011777;Pago/Premiun;ninguna;escuela secundaria;group B
10011778;Gratis/Reducido;ninguna;alguna educacion superior;group C
10011779;Pago/Premiun;completado;alguna educacion superior;group A
10011780;Pago/Premiun;completado;grado asociado;group E
10011781;Gratis/Reducido;ninguna;grado asociado;group D
10011782;Pago/Premiun;ninguna;maestria;group B
10011783;Gratis/Reducido;completado;escuela secundaria;group B
10011784;Pago/Premiun;completado;grado asociado;group C
10011785;Pago/Premiun;completado;licenciatura;group C
10011786;Pago/Premiun;completado;algun instituto;group B
10011787;Gratis/Reducido;ninguna;algun instituto;group E
10011788;Pago/Premiun;ninguna;alguna educacion superior;group B
10011789;Gratis/Reducido;ninguna;grado asociado;group C
10011790;Gratis/Reducido;ninguna;maestria;group C
10011791;Pago/Premiun;ninguna;escuela secundaria;group B
10011792;Gratis/Reducido;ninguna;alguna educacion superior;group D
10011793;Gratis/Reducido;ninguna;escuela secundaria;group D
10011794;Pago/Premiun;completado;algun instituto;group E
10011795;Pago/Premiun;ninguna;escuela secundaria;group B
10011796;Gratis/Reducido;completado;grado asociado;group E
10011797;Pago/Premiun;ninguna;escuela secundaria;group D
10011798;Gratis/Reducido;ninguna;grado asociado;group E
10011799;Pago/Premiun;ninguna;alguna educacion superior;group E
10011800;Pago/Premiun;ninguna;grado asociado;group C
10011801;Pago/Premiun;completado;algun instituto;group C
10011802;Pago/Premiun;completado;algun instituto;group C
10011803;Pago/Premiun;ninguna;grado asociado;group E
10011804;Pago/Premiun;ninguna;alguna educacion superior;group B
10011805;Pago/Premiun;ninguna;alguna educacion superior;group C
10011806;Gratis/Reducido;ninguna;alguna educacion superior;group A
10011807;Gratis/Reducido;ninguna;alguna educacion superior;group D
10011808;Gratis/Reducido;ninguna;escuela secundaria;group E
10011809;Pago/Premiun;ninguna;escuela secundaria;group C
10011810;Pago/Premiun;ninguna;licenciatura;group B
10011811;Pago/Premiun;ninguna;algun instituto;group A
10011812;Gratis/Reducido;ninguna;escuela secundaria;group A
10011813;Pago/Premiun;completado;maestria;group C
10011814;Pago/Premiun;completado;algun instituto;group E
10011815;Pago/Premiun;ninguna;escuela secundaria;group C
10011816;Pago/Premiun;completado;algun instituto;group B
10011817;Pago/Premiun;ninguna;licenciatura;group A
10011818;Gratis/Reducido;completado;licenciatura;group D
10011819;Gratis/Reducido;ninguna;escuela secundaria;group B
10011820;Pago/Premiun;ninguna;algun instituto;group C
10011821;Pago/Premiun;completado;algun instituto;group A
10011822;Gratis/Reducido;ninguna;licenciatura;group D
10011823;Gratis/Reducido;completado;alguna educacion superior;group E
10011824;Gratis/Reducido;ninguna;escuela secundaria;group B
10011825;Gratis/Reducido;ninguna;algun instituto;group C
10011826;Pago/Premiun;ninguna;escuela secundaria;group C
10011827;Gratis/Reducido;completado;grado asociado;group C
10011828;Pago/Premiun;ninguna;algun instituto;group C
10011829;Gratis/Reducido;completado;algun instituto;group D
10011830;Pago/Premiun;ninguna;algun instituto;group B
10011831;Gratis/Reducido;ninguna;alguna educacion superior;group A
10011832;Gratis/Reducido;completado;licenciatura;group C
10011833;Pago/Premiun;ninguna;licenciatura;group A
10011834;Pago/Premiun;completado;escuela secundaria;group B
10011835;Pago/Premiun;ninguna;alguna educacion superior;group B
10011836;Pago/Premiun;completado;escuela secundaria;group C
10011837;Pago/Premiun;ninguna;escuela secundaria;group E
10011838;Pago/Premiun;completado;escuela secundaria;group A
10011839;Gratis/Reducido;completado;grado asociado;group B
10011840;Pago/Premiun;ninguna;grado asociado;group C
10011841;Gratis/Reducido;ninguna;escuela secundaria;group D
10011842;Pago/Premiun;ninguna;algun instituto;group C
10011843;Gratis/Reducido;completado;escuela secundaria;group B
10011844;Gratis/Reducido;completado;alguna educacion superior;group B
10011845;Gratis/Reducido;completado;algun instituto;group D
10011846;Pago/Premiun;ninguna;maestria;group E
10011847;Pago/Premiun;completado;maestria;group C
10011848;Pago/Premiun;ninguna;escuela secundaria;group D
10011849;Pago/Premiun;ninguna;escuela secundaria;group C
10011850;Pago/Premiun;ninguna;grado asociado;group D
10011851;Pago/Premiun;ninguna;maestria;group C
10011852;Pago/Premiun;ninguna;escuela secundaria;group A
10011853;Pago/Premiun;ninguna;alguna educacion superior;group E
10011854;Pago/Premiun;ninguna;algun instituto;group E
10011855;Pago/Premiun;ninguna;algun instituto;group C
10011856;Pago/Premiun;ninguna;licenciatura;group B
10011857;Gratis/Reducido;ninguna;alguna educacion superior;group B
10011858;Pago/Premiun;ninguna;licenciatura;group C
10011859;Pago/Premiun;completado;escuela secundaria;group B
10011860;Gratis/Reducido;ninguna;grado asociado;group C
10011861;Pago/Premiun;ninguna;grado asociado;group C
10011862;Gratis/Reducido;ninguna;maestria;group E
10011863;Gratis/Reducido;completado;licenciatura;group D
10011864;Pago/Premiun;completado;alguna educacion superior;group C
10011865;Pago/Premiun;ninguna;grado asociado;group C
10011866;Pago/Premiun;completado;alguna educacion superior;group D
10011867;Gratis/Reducido;ninguna;escuela secundaria;group C
10011868;Pago/Premiun;ninguna;grado asociado;group B
10011869;Gratis/Reducido;completado;grado asociado;group E
10011870;Gratis/Reducido;ninguna;grado asociado;group C
10011871;Pago/Premiun;ninguna;escuela secundaria;group B
10011872;Pago/Premiun;completado;alguna educacion superior;group C
10011873;Pago/Premiun;completado;grado asociado;group B
10011874;Gratis/Reducido;ninguna;grado asociado;group E
10011875;Gratis/Reducido;ninguna;licenciatura;group C
10011876;Gratis/Reducido;ninguna;alguna educacion superior;group C
10011877;Pago/Premiun;ninguna;alguna educacion superior;group D
10011878;Pago/Premiun;ninguna;algun instituto;group C
10011879;Pago/Premiun;ninguna;algun instituto;group D
10011880;Pago/Premiun;ninguna;grado asociado;group D
10011881;Pago/Premiun;completado;licenciatura;group C
10011882;Pago/Premiun;completado;licenciatura;group E
10011883;Gratis/Reducido;ninguna;escuela secundaria;group B
10011884;Gratis/Reducido;ninguna;licenciatura;group D
10011885;Pago/Premiun;ninguna;grado asociado;group E
10011886;Pago/Premiun;completado;grado asociado;group C
10011887;Pago/Premiun;completado;grado asociado;group E
10011888;Gratis/Reducido;ninguna;escuela secundaria;group C
10011889;Gratis/Reducido;ninguna;alguna educacion superior;group D
10011890;Gratis/Reducido;ninguna;escuela secundaria;group D
10011891;Pago/Premiun;completado;alguna educacion superior;group E
10011892;Pago/Premiun;ninguna;grado asociado;group E
10011893;Gratis/Reducido;ninguna;maestria;group A
10011894;Pago/Premiun;completado;algun instituto;group D
10011895;Pago/Premiun;ninguna;grado asociado;group E
10011896;Gratis/Reducido;ninguna;algun instituto;group E
10011897;Gratis/Reducido;ninguna;escuela secundaria;group B
10011898;Gratis/Reducido;completado;algun instituto;group B
10011899;Pago/Premiun;completado;grado asociado;group D
10011900;Pago/Premiun;completado;algun instituto;group D
10011901;Pago/Premiun;ninguna;maestria;group D
10011902;Pago/Premiun;ninguna;maestria;group C
10011903;Gratis/Reducido;completado;escuela secundaria;group A
10011904;Gratis/Reducido;completado;licenciatura;group D
10011905;Gratis/Reducido;ninguna;algun instituto;group D
10011906;Pago/Premiun;ninguna;alguna educacion superior;group D
10011907;Pago/Premiun;ninguna;escuela secundaria;group B
10011908;Pago/Premiun;completado;alguna educacion superior;group D
10011909;Gratis/Reducido;ninguna;licenciatura;group C
10011910;Pago/Premiun;completado;licenciatura;group E
10011911;Gratis/Reducido;ninguna;licenciatura;group D
10011912;Pago/Premiun;ninguna;alguna educacion superior;group A
10011913;Pago/Premiun;completado;licenciatura;group C
10011914;Gratis/Reducido;completado;licenciatura;group C
10011915;Gratis/Reducido;ninguna;grado asociado;group B
10011916;Pago/Premiun;ninguna;alguna educacion superior;group E
10011917;Pago/Premiun;completado;licenciatura;group E
10011918;Pago/Premiun;ninguna;escuela secundaria;group C
10011919;Pago/Premiun;completado;grado asociado;group C
10011920;Pago/Premiun;completado;alguna educacion superior;group B
10011921;Gratis/Reducido;ninguna;escuela secundaria;group D
10011922;Gratis/Reducido;ninguna;escuela secundaria;group C
10011923;Pago/Premiun;ninguna;escuela secundaria;group D
10011924;Gratis/Reducido;ninguna;grado asociado;group B
10011925;Gratis/Reducido;ninguna;escuela secundaria;group D
10011926;Pago/Premiun;completado;algun instituto;group E
10011927;Gratis/Reducido;ninguna;grado asociado;group E
10011928;Gratis/Reducido;completado;escuela secundaria;group D
10011929;Gratis/Reducido;completado;grado asociado;group E
10011930;Gratis/Reducido;ninguna;algun instituto;group C
10011931;Gratis/Reducido;completado;alguna educacion superior;group C
10011932;Gratis/Reducido;ninguna;alguna educacion superior;group D
10011933;Gratis/Reducido;completado;grado asociado;group D
10011934;Gratis/Reducido;completado;licenciatura;group C
10011935;Pago/Premiun;completado;grado asociado;group C
10011936;Gratis/Reducido;ninguna;alguna educacion superior;group D
10011937;Pago/Premiun;ninguna;grado asociado;group A
10011938;Gratis/Reducido;ninguna;escuela secundaria;group E
10011939;Pago/Premiun;completado;alguna educacion superior;group D
10011940;Pago/Premiun;completado;algun instituto;group D
10011941;Gratis/Reducido;completado;maestria;group C
10011942;Pago/Premiun;ninguna;maestria;group D
10011943;Pago/Premiun;ninguna;escuela secundaria;group C
10011944;Gratis/Reducido;completado;algun instituto;group A
10011945;Pago/Premiun;ninguna;escuela secundaria;group B
10011946;Pago/Premiun;ninguna;grado asociado;group C
10011947;Pago/Premiun;ninguna;escuela secundaria;group B
10011948;Gratis/Reducido;ninguna;alguna educacion superior;group D
10011949;Gratis/Reducido;completado;algun instituto;group B
10011950;Gratis/Reducido;completado;escuela secundaria;group E
10011951;Pago/Premiun;ninguna;escuela secundaria;group E
10011952;Pago/Premiun;completado;alguna educacion superior;group D
10011953;Gratis/Reducido;ninguna;algun instituto;group E
10011954;Pago/Premiun;completado;escuela secundaria;group C
10011955;Pago/Premiun;ninguna;alguna educacion superior;group C
10011956;Pago/Premiun;ninguna;grado asociado;group E
10011957;Pago/Premiun;ninguna;alguna educacion superior;group C
10011958;Pago/Premiun;ninguna;maestria;group D
10011959;Pago/Premiun;ninguna;escuela secundaria;group D
10011960;Pago/Premiun;ninguna;escuela secundaria;group C
10011961;Pago/Premiun;ninguna;alguna educacion superior;group A
10011962;Gratis/Reducido;ninguna;algun instituto;group D
10011963;Pago/Premiun;ninguna;grado asociado;group E
10011964;Gratis/Reducido;completado;algun instituto;group C
10011965;Pago/Premiun;ninguna;alguna educacion superior;group D
10011966;Pago/Premiun;ninguna;alguna educacion superior;group D
10011967;Pago/Premiun;completado;algun instituto;group A
10011968;Pago/Premiun;ninguna;alguna educacion superior;group C
10011969;Pago/Premiun;ninguna;grado asociado;group E
10011970;Pago/Premiun;ninguna;licenciatura;group B
10011971;Pago/Premiun;ninguna;licenciatura;group D
10011972;Pago/Premiun;completado;algun instituto;group C
10011973;Gratis/Reducido;completado;escuela secundaria;group A
10011974;Gratis/Reducido;ninguna;alguna educacion superior;group D
10011975;Pago/Premiun;ninguna;alguna educacion superior;group A
10011976;Pago/Premiun;completado;alguna educacion superior;group C
10011977;Gratis/Reducido;completado;alguna educacion superior;group B
10011978;Pago/Premiun;ninguna;grado asociado;group C
10011979;Pago/Premiun;completado;escuela secundaria;group D
10011980;Pago/Premiun;ninguna;grado asociado;group C
10011981;Gratis/Reducido;ninguna;escuela secundaria;group B
10011982;Pago/Premiun;ninguna;algun instituto;group D
10011983;Pago/Premiun;completado;algun instituto;group B
10011984;Pago/Premiun;completado;alguna educacion superior;group A
10011985;Pago/Premiun;ninguna;algun instituto;group C
10011986;Pago/Premiun;ninguna;escuela secundaria;group A
10011987;Pago/Premiun;ninguna;grado asociado;group C
10011988;Pago/Premiun;completado;algun instituto;group E
10011989;Gratis/Reducido;ninguna;algun instituto;group A
10011990;Gratis/Reducido;completado;alguna educacion superior;group D
10011991;Gratis/Reducido;completado;escuela secundaria;group E
10011992;Pago/Premiun;completado;algun instituto;group B
10011993;Gratis/Reducido;ninguna;grado asociado;group D
10011994;Gratis/Reducido;ninguna;licenciatura;group D
10011995;Pago/Premiun;ninguna;escuela secundaria;group A
10011996;Pago/Premiun;completado;maestria;group E
10011997;Gratis/Reducido;ninguna;escuela secundaria;group C
10011998;Gratis/Reducido;completado;escuela secundaria;group C
10011999;Pago/Premiun;completado;alguna educacion superior;group D
10012000;Gratis/Reducido;ninguna;alguna educacion superior;group D
10012001;Pago/Premiun;ninguna;algun instituto;group D
10012002;Gratis/Reducido;ninguna;alguna educacion superior;group A
10012003;Pago/Premiun;ninguna;escuela secundaria;group B
10012004;Pago/Premiun;ninguna;licenciatura;group D
10012005;Gratis/Reducido;completado;algun instituto;group B
10012006;Gratis/Reducido;ninguna;licenciatura;group C
10012007;Pago/Premiun;ninguna;alguna educacion superior;group B
10012008;Gratis/Reducido;ninguna;algun instituto;group B
10012009;Pago/Premiun;ninguna;escuela secundaria;group B
10012010;Gratis/Reducido;ninguna;alguna educacion superior;group C
10012011;Pago/Premiun;completado;alguna educacion superior;group A
10012012;Pago/Premiun;completado;grado asociado;group E
10012013;Gratis/Reducido;ninguna;grado asociado;group D
10012014;Pago/Premiun;ninguna;maestria;group B
10012015;Gratis/Reducido;completado;escuela secundaria;group B
10012016;Pago/Premiun;completado;grado asociado;group C
10012017;Pago/Premiun;completado;licenciatura;group C
10012018;Pago/Premiun;completado;algun instituto;group B
10012019;Gratis/Reducido;ninguna;algun instituto;group E
10012020;Pago/Premiun;ninguna;alguna educacion superior;group B
10012021;Gratis/Reducido;ninguna;grado asociado;group C
10012022;Gratis/Reducido;ninguna;maestria;group C
10012023;Pago/Premiun;ninguna;escuela secundaria;group B
10012024;Gratis/Reducido;ninguna;alguna educacion superior;group D
10012025;Gratis/Reducido;ninguna;escuela secundaria;group D
10012026;Pago/Premiun;completado;algun instituto;group E
10012027;Pago/Premiun;ninguna;escuela secundaria;group B
10012028;Gratis/Reducido;completado;grado asociado;group E
10012029;Pago/Premiun;ninguna;escuela secundaria;group D
10012030;Gratis/Reducido;ninguna;grado asociado;group E
10012031;Pago/Premiun;ninguna;alguna educacion superior;group E
10012032;Pago/Premiun;ninguna;grado asociado;group C
10012033;Pago/Premiun;completado;algun instituto;group C
10012034;Pago/Premiun;completado;algun instituto;group C
10012035;Pago/Premiun;ninguna;grado asociado;group E
10012036;Pago/Premiun;ninguna;alguna educacion superior;group B
10012037;Pago/Premiun;ninguna;alguna educacion superior;group C
10012038;Gratis/Reducido;ninguna;alguna educacion superior;group A
10012039;Gratis/Reducido;ninguna;alguna educacion superior;group D
10012040;Gratis/Reducido;ninguna;escuela secundaria;group E
10012041;Pago/Premiun;ninguna;escuela secundaria;group C
10012042;Pago/Premiun;ninguna;licenciatura;group B
10012043;Pago/Premiun;ninguna;algun instituto;group A
10012044;Gratis/Reducido;ninguna;escuela secundaria;group A
10012045;Pago/Premiun;completado;maestria;group C
10012046;Pago/Premiun;completado;algun instituto;group E
10012047;Pago/Premiun;ninguna;escuela secundaria;group C
10012048;Pago/Premiun;completado;algun instituto;group B
10012049;Pago/Premiun;ninguna;licenciatura;group A
10012050;Gratis/Reducido;completado;licenciatura;group D
10012051;Gratis/Reducido;ninguna;escuela secundaria;group B
10012052;Pago/Premiun;ninguna;algun instituto;group C
10012053;Pago/Premiun;completado;algun instituto;group A
10012054;Gratis/Reducido;ninguna;licenciatura;group D
10012055;Gratis/Reducido;completado;alguna educacion superior;group E
10012056;Gratis/Reducido;ninguna;escuela secundaria;group B
10012057;Gratis/Reducido;ninguna;algun instituto;group C
10012058;Pago/Premiun;ninguna;escuela secundaria;group C
10012059;Gratis/Reducido;completado;grado asociado;group C
10012060;Pago/Premiun;ninguna;algun instituto;group C
10012061;Gratis/Reducido;completado;algun instituto;group D
10012062;Pago/Premiun;ninguna;algun instituto;group B
10012063;Gratis/Reducido;ninguna;alguna educacion superior;group A
10012064;Gratis/Reducido;completado;licenciatura;group C
10012065;Pago/Premiun;ninguna;licenciatura;group A
10012066;Pago/Premiun;completado;escuela secundaria;group B
10012067;Pago/Premiun;ninguna;alguna educacion superior;group B
10012068;Pago/Premiun;completado;escuela secundaria;group C
10012069;Pago/Premiun;ninguna;escuela secundaria;group E
10012070;Pago/Premiun;completado;escuela secundaria;group A
10012071;Gratis/Reducido;completado;grado asociado;group B
10012072;Pago/Premiun;ninguna;grado asociado;group C
10012073;Gratis/Reducido;ninguna;escuela secundaria;group D
10012074;Pago/Premiun;ninguna;algun instituto;group C
10012075;Gratis/Reducido;completado;escuela secundaria;group B
10012076;Gratis/Reducido;completado;alguna educacion superior;group B
10012077;Gratis/Reducido;completado;algun instituto;group D
10012078;Pago/Premiun;ninguna;maestria;group E
10012079;Pago/Premiun;completado;maestria;group C
10012080;Pago/Premiun;ninguna;escuela secundaria;group D
10012081;Pago/Premiun;ninguna;escuela secundaria;group C
10012082;Pago/Premiun;ninguna;grado asociado;group D
10012083;Pago/Premiun;ninguna;maestria;group C
10012084;Pago/Premiun;ninguna;escuela secundaria;group A
10012085;Pago/Premiun;ninguna;alguna educacion superior;group E
10012086;Pago/Premiun;ninguna;algun instituto;group E
10012087;Pago/Premiun;ninguna;algun instituto;group C
10012088;Pago/Premiun;ninguna;licenciatura;group B
10012089;Gratis/Reducido;ninguna;alguna educacion superior;group B
10012090;Pago/Premiun;ninguna;licenciatura;group C
10012091;Pago/Premiun;completado;escuela secundaria;group B
10012092;Gratis/Reducido;ninguna;grado asociado;group C
10012093;Pago/Premiun;ninguna;grado asociado;group C
10012094;Gratis/Reducido;ninguna;maestria;group E
10012095;Gratis/Reducido;completado;licenciatura;group D
10012096;Pago/Premiun;completado;alguna educacion superior;group C
10012097;Pago/Premiun;ninguna;grado asociado;group C
10012098;Pago/Premiun;completado;alguna educacion superior;group D
10012099;Gratis/Reducido;ninguna;escuela secundaria;group C
10012100;Pago/Premiun;ninguna;grado asociado;group B
10012101;Gratis/Reducido;completado;grado asociado;group E
10012102;Gratis/Reducido;ninguna;grado asociado;group C
10012103;Pago/Premiun;ninguna;escuela secundaria;group B
10012104;Pago/Premiun;completado;alguna educacion superior;group C
10012105;Pago/Premiun;completado;grado asociado;group B
10012106;Gratis/Reducido;ninguna;grado asociado;group E
10012107;Gratis/Reducido;ninguna;licenciatura;group C
10012108;Gratis/Reducido;ninguna;alguna educacion superior;group C
10012109;Pago/Premiun;ninguna;alguna educacion superior;group D
10012110;Pago/Premiun;ninguna;algun instituto;group C
10012111;Pago/Premiun;ninguna;algun instituto;group D
10012112;Pago/Premiun;ninguna;grado asociado;group D
10012113;Pago/Premiun;completado;licenciatura;group C
10012114;Pago/Premiun;completado;licenciatura;group E
10012115;Gratis/Reducido;ninguna;escuela secundaria;group B
10012116;Gratis/Reducido;ninguna;licenciatura;group D
10012117;Pago/Premiun;ninguna;grado asociado;group E
10012118;Pago/Premiun;completado;grado asociado;group C
10012119;Pago/Premiun;completado;grado asociado;group E
10012120;Gratis/Reducido;ninguna;escuela secundaria;group C
10012121;Gratis/Reducido;ninguna;alguna educacion superior;group D
10012122;Gratis/Reducido;ninguna;escuela secundaria;group D
10012123;Pago/Premiun;completado;alguna educacion superior;group E
10012124;Pago/Premiun;ninguna;grado asociado;group E
10012125;Gratis/Reducido;ninguna;maestria;group A
10012126;Pago/Premiun;completado;algun instituto;group D
10012127;Pago/Premiun;ninguna;grado asociado;group E
10012128;Gratis/Reducido;ninguna;algun instituto;group E
10012129;Gratis/Reducido;ninguna;escuela secundaria;group B
10012130;Gratis/Reducido;completado;algun instituto;group B
10012131;Pago/Premiun;completado;grado asociado;group D
10012132;Pago/Premiun;completado;algun instituto;group D
10012133;Pago/Premiun;ninguna;maestria;group D
10012134;Pago/Premiun;ninguna;maestria;group C
10012135;Gratis/Reducido;completado;escuela secundaria;group A
10012136;Gratis/Reducido;completado;licenciatura;group D
10012137;Gratis/Reducido;ninguna;algun instituto;group D
10012138;Pago/Premiun;ninguna;alguna educacion superior;group D
10012139;Pago/Premiun;ninguna;escuela secundaria;group B
10012140;Pago/Premiun;completado;alguna educacion superior;group D
10012141;Gratis/Reducido;ninguna;licenciatura;group C
10012142;Pago/Premiun;completado;licenciatura;group E
10012143;Gratis/Reducido;ninguna;licenciatura;group D
10012144;Pago/Premiun;ninguna;alguna educacion superior;group A
10012145;Pago/Premiun;completado;licenciatura;group C
10012146;Gratis/Reducido;completado;licenciatura;group C
10012147;Gratis/Reducido;ninguna;grado asociado;group B
10012148;Pago/Premiun;ninguna;alguna educacion superior;group E
10012149;Pago/Premiun;completado;licenciatura;group E
10012150;Pago/Premiun;ninguna;escuela secundaria;group C
10012151;Pago/Premiun;completado;grado asociado;group C
10012152;Pago/Premiun;completado;alguna educacion superior;group B
10012153;Gratis/Reducido;ninguna;escuela secundaria;group D
10012154;Gratis/Reducido;ninguna;escuela secundaria;group C
10012155;Pago/Premiun;ninguna;escuela secundaria;group D
10012156;Gratis/Reducido;ninguna;grado asociado;group B
10012157;Gratis/Reducido;ninguna;escuela secundaria;group D
10012158;Pago/Premiun;completado;algun instituto;group E
10012159;Gratis/Reducido;ninguna;grado asociado;group E
10012160;Gratis/Reducido;completado;escuela secundaria;group D
10012161;Gratis/Reducido;completado;grado asociado;group E
10012162;Gratis/Reducido;ninguna;algun instituto;group C
10012163;Gratis/Reducido;completado;alguna educacion superior;group C
10012164;Gratis/Reducido;ninguna;alguna educacion superior;group D
10012165;Gratis/Reducido;completado;grado asociado;group D
10012166;Gratis/Reducido;completado;licenciatura;group C
10012167;Pago/Premiun;completado;grado asociado;group C
10012168;Gratis/Reducido;ninguna;alguna educacion superior;group D
10012169;Pago/Premiun;ninguna;grado asociado;group A
10012170;Gratis/Reducido;ninguna;escuela secundaria;group E
10012171;Pago/Premiun;completado;alguna educacion superior;group D
10012172;Pago/Premiun;completado;algun instituto;group D
10012173;Gratis/Reducido;completado;maestria;group C
10012174;Pago/Premiun;ninguna;maestria;group D
10012175;Pago/Premiun;ninguna;escuela secundaria;group C
10012176;Gratis/Reducido;completado;algun instituto;group A
10012177;Pago/Premiun;ninguna;escuela secundaria;group B
10012178;Pago/Premiun;ninguna;grado asociado;group C
10012179;Pago/Premiun;ninguna;escuela secundaria;group B
10012180;Gratis/Reducido;ninguna;alguna educacion superior;group D
10012181;Gratis/Reducido;completado;algun instituto;group B
10012182;Gratis/Reducido;completado;escuela secundaria;group E
10012183;Pago/Premiun;ninguna;escuela secundaria;group E
10012184;Pago/Premiun;completado;alguna educacion superior;group D
10012185;Gratis/Reducido;ninguna;algun instituto;group E
10012186;Pago/Premiun;completado;escuela secundaria;group C
10012187;Pago/Premiun;ninguna;alguna educacion superior;group C
10012188;Pago/Premiun;ninguna;grado asociado;group E
10012189;Pago/Premiun;ninguna;alguna educacion superior;group C
10012190;Pago/Premiun;ninguna;maestria;group D
10012191;Pago/Premiun;ninguna;escuela secundaria;group D
10012192;Pago/Premiun;ninguna;escuela secundaria;group C
10012193;Pago/Premiun;ninguna;alguna educacion superior;group A
10012194;Gratis/Reducido;ninguna;algun instituto;group D
10012195;Pago/Premiun;ninguna;grado asociado;group E
10012196;Gratis/Reducido;completado;algun instituto;group C
10012197;Pago/Premiun;ninguna;alguna educacion superior;group D
10012198;Pago/Premiun;ninguna;alguna educacion superior;group D
10012199;Pago/Premiun;completado;algun instituto;group A
10012200;Pago/Premiun;ninguna;alguna educacion superior;group C
10012201;Pago/Premiun;ninguna;grado asociado;group E
10012202;Pago/Premiun;ninguna;licenciatura;group B
10012203;Pago/Premiun;ninguna;licenciatura;group D
10012204;Pago/Premiun;completado;algun instituto;group C
10012205;Gratis/Reducido;completado;escuela secundaria;group A
10012206;Gratis/Reducido;ninguna;alguna educacion superior;group D
10012207;Pago/Premiun;ninguna;alguna educacion superior;group A
10012208;Pago/Premiun;completado;alguna educacion superior;group C
10012209;Gratis/Reducido;completado;alguna educacion superior;group B
10012210;Pago/Premiun;ninguna;grado asociado;group C
